model,lane,r2,rmse,mae,seconds,error
ridge_alpha_10,development_group_oof,-1.921995779456081,51.927050778327796,5.460107313579886,0.41825519999838434,
pls_20,development_group_oof,-1.4193648584970355,47.2502977168598,5.343204104824548,0.8875300000363495,
rbf_svr,development_group_oof,0.9522676757500559,6.636821790205255,4.5023453004659455,1.1137765999592375,
random_forest,development_group_oof,0.976112646740214,4.6950246988897755,3.6972981178574953,153.07558309996966,
extra_trees,development_group_oof,0.9776628076527922,4.540128627809161,3.57017513516585,79.32333419995848,
gradient_boosting,development_group_oof,0.9770532801517808,4.601656236851285,3.6534317007970043,77.53744179999921,
hist_gradient_boosting,development_group_oof_failed,,,,0.0,PermissionError: [WinError 5] Access is denied
xgboost,development_group_oof,0.976506984243149,4.656110195687823,3.529417461318408,26.583644200029084,
lightgbm,development_group_oof,0.9796596821990391,4.332441749475495,3.440377281314334,20.560057399998186,
catboost,development_group_oof,0.9754815541210436,4.756640556731624,3.736552581539493,272.92441059995326,
lightgbm,untouched_latest_campaigns,0.9615333883223175,5.546460963838005,4.249775441247565,,
development_mean,untouched_latest_campaigns,-0.01263733682298862,28.457776368544906,19.525001411280385,,
