task,feature,importance,importance_method
regression,equipment2__sensor_47__q75,0.014862281151338337,weighted_hurdle_filter_and_tree_impurity
regression,equipment2__sensor_47__median,0.014329082921074961,weighted_hurdle_filter_and_tree_impurity
regression,equipment1__sensor_19__std,0.014029793521712266,weighted_hurdle_filter_and_tree_impurity
regression,equipment2__sensor_47__early_mean,0.013224414735038848,weighted_hurdle_filter_and_tree_impurity
regression,equipment2__sensor_47__mean,0.011757243490348217,weighted_hurdle_filter_and_tree_impurity
regression,equipment2__sensor_47__max,0.011507411799261473,weighted_hurdle_filter_and_tree_impurity
regression,equipment2__sensor_47__middle_mean,0.011391773984944176,weighted_hurdle_filter_and_tree_impurity
regression,equipment1__sensor_5__median,0.011344082283894809,weighted_hurdle_filter_and_tree_impurity
regression,equipment1__sensor_4__std,0.010981703684045302,weighted_hurdle_filter_and_tree_impurity
regression,equipment2__sensor_47__delta,0.010852197007513508,weighted_hurdle_filter_and_tree_impurity
regression,equipment2__sensor_47__range,0.010680625165300571,weighted_hurdle_filter_and_tree_impurity
regression,equipment1__sensor_18__early_mean,0.010330042409610331,weighted_hurdle_filter_and_tree_impurity
regression,equipment1__sensor_19__range,0.010322581312523959,weighted_hurdle_filter_and_tree_impurity
regression,equipment1__sensor_4__q75,0.010228035656282254,weighted_hurdle_filter_and_tree_impurity
regression,equipment1__sensor_2__early_mean,0.009729142473897485,weighted_hurdle_filter_and_tree_impurity
regression,equipment1__sensor_5__std,0.009657505164667847,weighted_hurdle_filter_and_tree_impurity
regression,equipment1__sensor_5__mean,0.009597985865523458,weighted_hurdle_filter_and_tree_impurity
regression,equipment1__sensor_4__early_mean,0.009580416692939762,weighted_hurdle_filter_and_tree_impurity
regression,equipment1__sensor_2__middle_mean,0.00949716840784106,weighted_hurdle_filter_and_tree_impurity
regression,equipment1__sensor_4__middle_mean,0.009469065806543208,weighted_hurdle_filter_and_tree_impurity
regression,equipment1__sensor_3__std,0.00941798218533474,weighted_hurdle_filter_and_tree_impurity
regression,equipment2__sensor_47__slope,0.009380123918411313,weighted_hurdle_filter_and_tree_impurity
regression,equipment1__sensor_20__range,0.00922615572299747,weighted_hurdle_filter_and_tree_impurity
regression,equipment1__sensor_5__early_mean,0.009199343338640479,weighted_hurdle_filter_and_tree_impurity
regression,equipment1__sensor_20__mean,0.009145010473554089,weighted_hurdle_filter_and_tree_impurity
regression,equipment1__sensor_15__mean,0.009082299480258241,weighted_hurdle_filter_and_tree_impurity
regression,equipment1__sensor_3__early_mean,0.009025230810996862,weighted_hurdle_filter_and_tree_impurity
regression,equipment1__sensor_3__mean,0.009011142295183327,weighted_hurdle_filter_and_tree_impurity
regression,equipment1__sensor_1__middle_mean,0.008989562139663974,weighted_hurdle_filter_and_tree_impurity
regression,equipment1__sensor_3__range,0.008978340647549522,weighted_hurdle_filter_and_tree_impurity
regression,equipment1__sensor_3__middle_mean,0.008918099632246783,weighted_hurdle_filter_and_tree_impurity
regression,equipment1__sensor_4__slope,0.008909707881391907,weighted_hurdle_filter_and_tree_impurity
regression,equipment1__sensor_20__std,0.008896591050940846,weighted_hurdle_filter_and_tree_impurity
regression,equipment1__sensor_9__std,0.008830819828108252,weighted_hurdle_filter_and_tree_impurity
regression,equipment1__sensor_3__late_mean,0.008818468305233603,weighted_hurdle_filter_and_tree_impurity
regression,equipment1__sensor_3__max,0.008713869681875725,weighted_hurdle_filter_and_tree_impurity
regression,equipment2__sensor_47__std,0.008706075185121072,weighted_hurdle_filter_and_tree_impurity
regression,equipment1__sensor_20__middle_mean,0.008704031219514309,weighted_hurdle_filter_and_tree_impurity
regression,equipment1__sensor_4__late_mean,0.008636406207850262,weighted_hurdle_filter_and_tree_impurity
regression,equipment1__sensor_2__mean,0.008633530553895978,weighted_hurdle_filter_and_tree_impurity
regression,equipment2__sensor_48__range,0.008591125458002686,weighted_hurdle_filter_and_tree_impurity
regression,equipment2__sensor_49__q75,0.008575389468200155,weighted_hurdle_filter_and_tree_impurity
regression,equipment1__sensor_5__slope,0.008417021484619869,weighted_hurdle_filter_and_tree_impurity
regression,equipment1__sensor_1__std,0.008355664068175105,weighted_hurdle_filter_and_tree_impurity
regression,equipment1__sensor_20__max,0.008352209763184426,weighted_hurdle_filter_and_tree_impurity
regression,equipment1__sensor_9__mean,0.008344749373538006,weighted_hurdle_filter_and_tree_impurity
regression,equipment1__sensor_5__range,0.008330682536322357,weighted_hurdle_filter_and_tree_impurity
regression,equipment1__sensor_2__std,0.008259393966319726,weighted_hurdle_filter_and_tree_impurity
regression,equipment1__sensor_4__max,0.008253563290442283,weighted_hurdle_filter_and_tree_impurity
regression,equipment1__sensor_5__delta,0.008185402683462637,weighted_hurdle_filter_and_tree_impurity
regression,equipment1__sensor_1__early_mean,0.008144015149055214,weighted_hurdle_filter_and_tree_impurity
regression,equipment1__sensor_4__mean,0.008119737365923797,weighted_hurdle_filter_and_tree_impurity
regression,equipment1__sensor_14__mean,0.008015079427369846,weighted_hurdle_filter_and_tree_impurity
regression,equipment1__sensor_4__delta,0.00801033858009444,weighted_hurdle_filter_and_tree_impurity
regression,equipment1__sensor_4__range,0.007989483706022654,weighted_hurdle_filter_and_tree_impurity
regression,equipment1__sensor_16__mean,0.007950320315783277,weighted_hurdle_filter_and_tree_impurity
regression,equipment1__sensor_1__mean,0.007946441923962839,weighted_hurdle_filter_and_tree_impurity
regression,equipment1__sensor_5__max,0.0077566759534697036,weighted_hurdle_filter_and_tree_impurity
regression,equipment1__sensor_9__middle_mean,0.0077401001715077826,weighted_hurdle_filter_and_tree_impurity
regression,equipment1__sensor_11__middle_mean,0.007719541301708068,weighted_hurdle_filter_and_tree_impurity
regression,equipment1__sensor_13__mean,0.007689696859039387,weighted_hurdle_filter_and_tree_impurity
regression,equipment1__sensor_23__mean,0.007578383776676728,weighted_hurdle_filter_and_tree_impurity
regression,equipment1__sensor_3__q75,0.007536781904519656,weighted_hurdle_filter_and_tree_impurity
regression,equipment2__sensor_48__max,0.00752048573768163,weighted_hurdle_filter_and_tree_impurity
regression,equipment1__sensor_3__q25,0.00733186104906216,weighted_hurdle_filter_and_tree_impurity
regression,equipment1__sensor_5__late_mean,0.0073046926909671765,weighted_hurdle_filter_and_tree_impurity
regression,equipment1__sensor_3__slope,0.007228971020921659,weighted_hurdle_filter_and_tree_impurity
regression,equipment1__sensor_5__middle_mean,0.007169786184543713,weighted_hurdle_filter_and_tree_impurity
regression,equipment1__sensor_20__early_mean,0.007160437796449271,weighted_hurdle_filter_and_tree_impurity
regression,equipment1__sensor_1__range,0.007134053277136096,weighted_hurdle_filter_and_tree_impurity
regression,equipment1__sensor_1__max,0.007051333054113308,weighted_hurdle_filter_and_tree_impurity
regression,equipment1__sensor_20__q75,0.007027895965867853,weighted_hurdle_filter_and_tree_impurity
regression,equipment1__sensor_5__q75,0.006998727356009357,weighted_hurdle_filter_and_tree_impurity
regression,equipment1__sensor_19__max,0.0069976415762870985,weighted_hurdle_filter_and_tree_impurity
regression,equipment1__sensor_18__late_mean,0.006980658352074288,weighted_hurdle_filter_and_tree_impurity
regression,equipment1__sensor_18__mean,0.00698024815949555,weighted_hurdle_filter_and_tree_impurity
regression,equipment1__sensor_2__range,0.00696155321269254,weighted_hurdle_filter_and_tree_impurity
regression,equipment1__sensor_3__median,0.006928499271442222,weighted_hurdle_filter_and_tree_impurity
regression,equipment1__sensor_4__q25,0.0069229324545099875,weighted_hurdle_filter_and_tree_impurity
regression,equipment1__sensor_5__q25,0.006922384400625923,weighted_hurdle_filter_and_tree_impurity
regression,equipment1__sensor_2__max,0.006922384400625867,weighted_hurdle_filter_and_tree_impurity
regression,equipment1__sensor_3__delta,0.00690628867513573,weighted_hurdle_filter_and_tree_impurity
regression,equipment1__sensor_11__late_mean,0.006825703160668121,weighted_hurdle_filter_and_tree_impurity
regression,equipment1__sensor_23__middle_mean,0.006684295695061451,weighted_hurdle_filter_and_tree_impurity
regression,equipment1__sensor_18__std,0.006539239058703815,weighted_hurdle_filter_and_tree_impurity
regression,equipment2__sensor_50__range,0.00642084443880698,weighted_hurdle_filter_and_tree_impurity
regression,equipment1__sensor_18__median,0.0063007963317235054,weighted_hurdle_filter_and_tree_impurity
regression,equipment1__sensor_23__std,0.006253642936753586,weighted_hurdle_filter_and_tree_impurity
regression,equipment1__sensor_17__std,0.006133125562295134,weighted_hurdle_filter_and_tree_impurity
regression,equipment2__sensor_50__max,0.006070037290553979,weighted_hurdle_filter_and_tree_impurity
regression,equipment1__sensor_9__late_mean,0.006045899483856974,weighted_hurdle_filter_and_tree_impurity
regression,equipment1__sensor_23__late_mean,0.005964017049922353,weighted_hurdle_filter_and_tree_impurity
regression,equipment1__sensor_17__late_mean,0.005871625975601473,weighted_hurdle_filter_and_tree_impurity
regression,equipment1__sensor_17__mean,0.005806673565595684,weighted_hurdle_filter_and_tree_impurity
regression,equipment2__sensor_46__std,0.0057497395863924695,weighted_hurdle_filter_and_tree_impurity
regression,equipment1__sensor_22__q75,0.0056851615899834815,weighted_hurdle_filter_and_tree_impurity
regression,equipment1__sensor_14__middle_mean,0.005478938359185577,weighted_hurdle_filter_and_tree_impurity
regression,equipment1__sensor_15__middle_mean,0.00546378968703342,weighted_hurdle_filter_and_tree_impurity
regression,equipment1__sensor_13__middle_mean,0.005434266475886689,weighted_hurdle_filter_and_tree_impurity
regression,equipment1__sensor_16__middle_mean,0.005427396519169946,weighted_hurdle_filter_and_tree_impurity
regression,equipment2__sensor_46__range,0.00540656265342089,weighted_hurdle_filter_and_tree_impurity
regression,equipment2__sensor_46__mean,0.005175343779879429,weighted_hurdle_filter_and_tree_impurity
regression,equipment2__sensor_31__mean,0.005128591052106298,weighted_hurdle_filter_and_tree_impurity
regression,equipment1__sensor_11__mean,0.00510242933755564,weighted_hurdle_filter_and_tree_impurity
regression,equipment1__sensor_11__median,0.005003883533400569,weighted_hurdle_filter_and_tree_impurity
regression,equipment2__sensor_50__std,0.004996847268760984,weighted_hurdle_filter_and_tree_impurity
regression,equipment1__sensor_22__middle_mean,0.004985443450230778,weighted_hurdle_filter_and_tree_impurity
regression,equipment1__sensor_22__mean,0.004798816936852553,weighted_hurdle_filter_and_tree_impurity
regression,equipment1__sensor_18__middle_mean,0.004767221952142277,weighted_hurdle_filter_and_tree_impurity
regression,equipment1__sensor_14__std,0.0047628763490428876,weighted_hurdle_filter_and_tree_impurity
regression,equipment1__sensor_15__std,0.0045223897578319525,weighted_hurdle_filter_and_tree_impurity
regression,equipment1__sensor_13__std,0.004451995218319121,weighted_hurdle_filter_and_tree_impurity
regression,equipment1__sensor_16__std,0.004362308756214437,weighted_hurdle_filter_and_tree_impurity
regression,equipment2__sensor_46__max,0.004324475726759765,weighted_hurdle_filter_and_tree_impurity
regression,equipment1__sensor_4__median,0.0038655836298737752,weighted_hurdle_filter_and_tree_impurity
regression,equipment1__sensor_11__q25,0.0035282306910492606,weighted_hurdle_filter_and_tree_impurity
regression,equipment2__sensor_50__mean,0.003493969602721918,weighted_hurdle_filter_and_tree_impurity
regression,equipment2__sensor_34__mean,0.0025514067317745307,weighted_hurdle_filter_and_tree_impurity
regression,equipment1__sensor_9__median,0.0025201782226583966,weighted_hurdle_filter_and_tree_impurity
regression,equipment1__sensor_11__early_mean,0.0023284038125950457,weighted_hurdle_filter_and_tree_impurity
regression,equipment1__sensor_22__range,0.0020960075796908778,weighted_hurdle_filter_and_tree_impurity
regression,equipment1__sensor_22__max,0.0020960075796908778,weighted_hurdle_filter_and_tree_impurity
regression,equipment1__sensor_18__range,0.001956704885904499,weighted_hurdle_filter_and_tree_impurity
regression,equipment1__sensor_18__max,0.001956704885904499,weighted_hurdle_filter_and_tree_impurity
regression,equipment1__sensor_19__middle_mean,0.0017334646745720912,weighted_hurdle_filter_and_tree_impurity
regression,equipment1__sensor_19__q75,0.001720271442317227,weighted_hurdle_filter_and_tree_impurity
regression,equipment1__sensor_9__early_mean,0.0016494082737965906,weighted_hurdle_filter_and_tree_impurity
regression,equipment2__sensor_27__max,0.0015946719850623086,weighted_hurdle_filter_and_tree_impurity
regression,equipment2__sensor_27__q75,0.0015946719850623086,weighted_hurdle_filter_and_tree_impurity
regression,equipment2__sensor_27__early_mean,0.0015946719850623086,weighted_hurdle_filter_and_tree_impurity
regression,equipment2__sensor_27__median,0.0015946719850623086,weighted_hurdle_filter_and_tree_impurity
regression,equipment1__sensor_23__early_mean,0.0015395402178797553,weighted_hurdle_filter_and_tree_impurity
regression,equipment2__sensor_48__std,0.001526877203226647,weighted_hurdle_filter_and_tree_impurity
regression,equipment2__sensor_48__mean,0.0013933246167866678,weighted_hurdle_filter_and_tree_impurity
regression,equipment1__sensor_13__q75,0.0013915904134515033,weighted_hurdle_filter_and_tree_impurity
regression,equipment1__sensor_14__q75,0.0013915904134515033,weighted_hurdle_filter_and_tree_impurity
regression,equipment1__sensor_15__q75,0.0013915904134513598,weighted_hurdle_filter_and_tree_impurity
regression,equipment1__sensor_16__q75,0.0013915904134513598,weighted_hurdle_filter_and_tree_impurity
regression,equipment2__sensor_39__mean,0.001383295477960233,weighted_hurdle_filter_and_tree_impurity
regression,equipment1__sensor_11__std,0.0013452119101714022,weighted_hurdle_filter_and_tree_impurity
regression,equipment2__sensor_32__mean,0.0013116271664241192,weighted_hurdle_filter_and_tree_impurity
regression,equipment1__sensor_14__early_mean,0.0013014958237674078,weighted_hurdle_filter_and_tree_impurity
regression,equipment1__sensor_13__early_mean,0.0013014958237674078,weighted_hurdle_filter_and_tree_impurity
regression,equipment2__sensor_46__middle_mean,0.0011794721917967406,weighted_hurdle_filter_and_tree_impurity
regression,equipment2__sensor_30__mean,0.0011550085501971917,weighted_hurdle_filter_and_tree_impurity
regression,equipment2__sensor_32__std,0.0011353616710325632,weighted_hurdle_filter_and_tree_impurity
regression,equipment1__sensor_19__median,0.001110725385057826,weighted_hurdle_filter_and_tree_impurity
regression,equipment2__sensor_50__middle_mean,0.001067036378843255,weighted_hurdle_filter_and_tree_impurity
regression,equipment2__sensor_34__std,0.0010596870827983378,weighted_hurdle_filter_and_tree_impurity
regression,equipment2__sensor_30__std,0.0010343144217621195,weighted_hurdle_filter_and_tree_impurity
regression,equipment1__sensor_19__slope,0.0010024459675562055,weighted_hurdle_filter_and_tree_impurity
regression,equipment1__sensor_19__delta,0.0010024459675561312,weighted_hurdle_filter_and_tree_impurity
regression,equipment2__sensor_39__std,0.0009838555453200858,weighted_hurdle_filter_and_tree_impurity
regression,equipment2__sensor_38__mean,0.0009820505296109833,weighted_hurdle_filter_and_tree_impurity
regression,equipment2__sensor_49__mean,0.0009597884107455571,weighted_hurdle_filter_and_tree_impurity
regression,equipment2__sensor_25__mean,0.0009477193066618716,weighted_hurdle_filter_and_tree_impurity
regression,equipment2__sensor_48__middle_mean,0.0009475204551950994,weighted_hurdle_filter_and_tree_impurity
regression,equipment2__sensor_39__middle_mean,0.000911422972337374,weighted_hurdle_filter_and_tree_impurity
regression,equipment2__sensor_34__middle_mean,0.0009070094260981361,weighted_hurdle_filter_and_tree_impurity
regression,equipment2__sensor_32__median,0.0008990803302881413,weighted_hurdle_filter_and_tree_impurity
regression,equipment2__sensor_31__middle_mean,0.0008982970439149723,weighted_hurdle_filter_and_tree_impurity
regression,equipment2__sensor_32__middle_mean,0.0008863289482688214,weighted_hurdle_filter_and_tree_impurity
regression,equipment2__sensor_30__middle_mean,0.0008819366647746473,weighted_hurdle_filter_and_tree_impurity
regression,equipment2__sensor_46__q75,0.0008478222361620105,weighted_hurdle_filter_and_tree_impurity
regression,equipment2__sensor_25__middle_mean,0.0008007596371774244,weighted_hurdle_filter_and_tree_impurity
regression,equipment2__sensor_38__middle_mean,0.000782749983380408,weighted_hurdle_filter_and_tree_impurity
regression,equipment1__sensor_11__max,0.0007795816072716764,weighted_hurdle_filter_and_tree_impurity
regression,equipment1__sensor_11__range,0.0007795816072716764,weighted_hurdle_filter_and_tree_impurity
regression,equipment2__sensor_50__q75,0.0007772360243319666,weighted_hurdle_filter_and_tree_impurity
regression,equipment2__sensor_32__delta,0.0007674464683385667,weighted_hurdle_filter_and_tree_impurity
regression,equipment2__sensor_32__slope,0.000767446468338564,weighted_hurdle_filter_and_tree_impurity
regression,equipment2__sensor_49__middle_mean,0.0007568691030764632,weighted_hurdle_filter_and_tree_impurity
regression,equipment1__sensor_19__mean,0.0007288740826904422,weighted_hurdle_filter_and_tree_impurity
regression,equipment1__sensor_15__early_mean,0.0007146881043412437,weighted_hurdle_filter_and_tree_impurity
regression,equipment1__sensor_16__early_mean,0.0006910538640134236,weighted_hurdle_filter_and_tree_impurity
regression,equipment1__sensor_19__early_mean,0.0006834667875289989,weighted_hurdle_filter_and_tree_impurity
regression,equipment1__sensor_20__min,0.0006742381109117822,weighted_hurdle_filter_and_tree_impurity
regression,equipment2__sensor_49__std,0.0006234342429763067,weighted_hurdle_filter_and_tree_impurity
regression,equipment1__sensor_11__q75,0.0005312548801483486,weighted_hurdle_filter_and_tree_impurity
regression,equipment1__sensor_19__q25,0.0005308487262843157,weighted_hurdle_filter_and_tree_impurity
regression,equipment2__sensor_40__mean,0.00046125240370424977,weighted_hurdle_filter_and_tree_impurity
regression,equipment2__sensor_25__range,0.0004406954047936204,weighted_hurdle_filter_and_tree_impurity
regression,equipment2__sensor_25__max,0.0004406954047936204,weighted_hurdle_filter_and_tree_impurity
regression,equipment2__sensor_40__middle_mean,0.00042071410527545403,weighted_hurdle_filter_and_tree_impurity
regression,equipment2__sensor_34__median,0.0003589008155422482,weighted_hurdle_filter_and_tree_impurity
regression,equipment2__sensor_50__early_mean,0.0003579066664363185,weighted_hurdle_filter_and_tree_impurity
regression,equipment1__sensor_3__min,0.0003523142137905155,weighted_hurdle_filter_and_tree_impurity
regression,equipment2__sensor_50__q25,0.0003082732278546165,weighted_hurdle_filter_and_tree_impurity
regression,equipment2__sensor_41__median,0.00030802537885402407,weighted_hurdle_filter_and_tree_impurity
regression,equipment1__sensor_22__early_mean,0.0002672223558456766,weighted_hurdle_filter_and_tree_impurity
regression,equipment2__sensor_31__std,0.0002541735484335004,weighted_hurdle_filter_and_tree_impurity
regression,equipment2__sensor_31__early_mean,0.000252990651317445,weighted_hurdle_filter_and_tree_impurity
regression,equipment2__sensor_46__early_mean,0.0002519241887368102,weighted_hurdle_filter_and_tree_impurity
regression,equipment2__sensor_28__max,0.0002219960156205131,weighted_hurdle_filter_and_tree_impurity
regression,equipment1__sensor_18__q75,0.00020879311902635727,weighted_hurdle_filter_and_tree_impurity
regression,equipment1__sensor_20__late_mean,0.0001987228201836587,weighted_hurdle_filter_and_tree_impurity
regression,equipment2__sensor_37__middle_mean,0.0001971757050799478,weighted_hurdle_filter_and_tree_impurity
regression,equipment2__sensor_42__early_mean,0.00017637136786976154,weighted_hurdle_filter_and_tree_impurity
regression,equipment2__sensor_30__late_mean,0.0001697733997869106,weighted_hurdle_filter_and_tree_impurity
regression,equipment2__sensor_42__median,0.00016812443136755693,weighted_hurdle_filter_and_tree_impurity
regression,equipment2__sensor_31__median,0.0001637241400454775,weighted_hurdle_filter_and_tree_impurity
regression,equipment2__sensor_42__q75,0.00016194171615444274,weighted_hurdle_filter_and_tree_impurity
regression,equipment2__sensor_31__delta,0.00015869842746810963,weighted_hurdle_filter_and_tree_impurity
regression,equipment2__sensor_31__slope,0.00015869842746810595,weighted_hurdle_filter_and_tree_impurity
regression,equipment1__sensor_1__min,0.0001539571521902089,weighted_hurdle_filter_and_tree_impurity
regression,equipment2__sensor_42__max,0.0001383936486513441,weighted_hurdle_filter_and_tree_impurity
regression,equipment2__sensor_38__median,0.00013177127430935305,weighted_hurdle_filter_and_tree_impurity
regression,equipment2__sensor_40__delta,0.00012815846195350473,weighted_hurdle_filter_and_tree_impurity
regression,equipment2__sensor_40__slope,0.00012815846195348286,weighted_hurdle_filter_and_tree_impurity
regression,equipment2__sensor_37__mean,0.00012474955233265653,weighted_hurdle_filter_and_tree_impurity
regression,equipment2__sensor_25__std,0.00012201322313643642,weighted_hurdle_filter_and_tree_impurity
regression,equipment2__sensor_38__std,0.00012175940883662774,weighted_hurdle_filter_and_tree_impurity
regression,equipment2__sensor_40__median,0.000113489789692589,weighted_hurdle_filter_and_tree_impurity
regression,equipment2__sensor_39__median,0.00011012619138981117,weighted_hurdle_filter_and_tree_impurity
regression,equipment2__sensor_39__early_mean,0.0001055121321605263,weighted_hurdle_filter_and_tree_impurity
regression,equipment1__sensor_19__late_mean,0.00010062484374227223,weighted_hurdle_filter_and_tree_impurity
regression,equipment2__sensor_27__middle_mean,9.596292286819301e-05,weighted_hurdle_filter_and_tree_impurity
regression,equipment2__sensor_28__q75,9.369911373913451e-05,weighted_hurdle_filter_and_tree_impurity
regression,equipment2__sensor_29__middle_mean,9.335925590299903e-05,weighted_hurdle_filter_and_tree_impurity
regression,equipment2__sensor_35__median,8.527426452392884e-05,weighted_hurdle_filter_and_tree_impurity
regression,equipment2__sensor_28__range,8.384501390350727e-05,weighted_hurdle_filter_and_tree_impurity
regression,equipment2__sensor_27__mean,8.359728208353476e-05,weighted_hurdle_filter_and_tree_impurity
regression,equipment2__sensor_29__max,8.030855750330084e-05,weighted_hurdle_filter_and_tree_impurity
regression,equipment2__sensor_29__range,8.030855750330084e-05,weighted_hurdle_filter_and_tree_impurity
regression,equipment2__sensor_34__early_mean,7.818892933063906e-05,weighted_hurdle_filter_and_tree_impurity
regression,equipment2__sensor_28__early_mean,7.588669725762087e-05,weighted_hurdle_filter_and_tree_impurity
regression,equipment2__sensor_45__middle_mean,7.462088696417049e-05,weighted_hurdle_filter_and_tree_impurity
regression,equipment2__sensor_39__delta,6.732395628040619e-05,weighted_hurdle_filter_and_tree_impurity
regression,equipment2__sensor_39__slope,6.73239562803958e-05,weighted_hurdle_filter_and_tree_impurity
regression,equipment2__sensor_35__q75,6.727019624741259e-05,weighted_hurdle_filter_and_tree_impurity
regression,equipment2__sensor_30__q75,6.437489510300759e-05,weighted_hurdle_filter_and_tree_impurity
regression,equipment2__sensor_45__mean,6.413140154188698e-05,weighted_hurdle_filter_and_tree_impurity
regression,equipment2__sensor_29__slope,6.202030023069421e-05,weighted_hurdle_filter_and_tree_impurity
regression,equipment2__sensor_29__delta,6.20203002306897e-05,weighted_hurdle_filter_and_tree_impurity
regression,equipment2__sensor_29__mean,6.181783281330953e-05,weighted_hurdle_filter_and_tree_impurity
regression,equipment2__sensor_55__mean,6.117535726519458e-05,weighted_hurdle_filter_and_tree_impurity
regression,equipment2__sensor_29__std,6.045862063142148e-05,weighted_hurdle_filter_and_tree_impurity
regression,equipment2__sensor_49__median,5.7853494817638344e-05,weighted_hurdle_filter_and_tree_impurity
regression,equipment2__sensor_53__middle_mean,5.7434007848639225e-05,weighted_hurdle_filter_and_tree_impurity
regression,equipment2__sensor_28__std,5.6679940603185174e-05,weighted_hurdle_filter_and_tree_impurity
regression,equipment2__sensor_30__range,5.6018816325010035e-05,weighted_hurdle_filter_and_tree_impurity
regression,equipment2__sensor_30__max,5.6018816325010035e-05,weighted_hurdle_filter_and_tree_impurity
regression,equipment2__sensor_29__q75,5.492764542403878e-05,weighted_hurdle_filter_and_tree_impurity
regression,equipment1__sensor_17__max,5.4752777703218536e-05,weighted_hurdle_filter_and_tree_impurity
regression,equipment1__sensor_17__range,5.4752777703218536e-05,weighted_hurdle_filter_and_tree_impurity
regression,equipment1__sensor_20__q25,5.368467065907161e-05,weighted_hurdle_filter_and_tree_impurity
regression,equipment2__sensor_49__early_mean,5.352205926181452e-05,weighted_hurdle_filter_and_tree_impurity
regression,equipment2__sensor_45__max,5.200084405470638e-05,weighted_hurdle_filter_and_tree_impurity
regression,equipment2__sensor_45__q75,5.1984475239707697e-05,weighted_hurdle_filter_and_tree_impurity
regression,equipment2__sensor_45__median,5.198140577474189e-05,weighted_hurdle_filter_and_tree_impurity
regression,equipment2__sensor_45__early_mean,5.1966855020420605e-05,weighted_hurdle_filter_and_tree_impurity
regression,equipment2__sensor_48__q75,5.1063870112449765e-05,weighted_hurdle_filter_and_tree_impurity
regression,equipment2__sensor_44__middle_mean,4.805081304324897e-05,weighted_hurdle_filter_and_tree_impurity
regression,equipment2__sensor_35__early_mean,4.7870904548745565e-05,weighted_hurdle_filter_and_tree_impurity
regression,equipment2__sensor_35__middle_mean,4.7466401388814435e-05,weighted_hurdle_filter_and_tree_impurity
regression,equipment2__sensor_45__range,4.727247797672376e-05,weighted_hurdle_filter_and_tree_impurity
regression,equipment2__sensor_45__slope,4.7223715522444556e-05,weighted_hurdle_filter_and_tree_impurity
regression,equipment2__sensor_45__delta,4.722371552241378e-05,weighted_hurdle_filter_and_tree_impurity
regression,equipment2__sensor_30__early_mean,4.713786447616511e-05,weighted_hurdle_filter_and_tree_impurity
regression,equipment2__sensor_35__max,4.536265560415378e-05,weighted_hurdle_filter_and_tree_impurity
regression,equipment2__sensor_32__late_mean,4.5072167288151706e-05,weighted_hurdle_filter_and_tree_impurity
regression,equipment2__sensor_52__middle_mean,4.469771139745443e-05,weighted_hurdle_filter_and_tree_impurity
regression,equipment2__sensor_40__range,4.413230622203198e-05,weighted_hurdle_filter_and_tree_impurity
regression,equipment2__sensor_40__max,4.3974895646132336e-05,weighted_hurdle_filter_and_tree_impurity
regression,equipment2__sensor_43__middle_mean,4.362865797143616e-05,weighted_hurdle_filter_and_tree_impurity
regression,equipment2__sensor_45__std,4.2580449732776555e-05,weighted_hurdle_filter_and_tree_impurity
regression,equipment2__sensor_25__q75,4.247381216692176e-05,weighted_hurdle_filter_and_tree_impurity
regression,equipment2__sensor_38__range,4.2387501240989835e-05,weighted_hurdle_filter_and_tree_impurity
regression,equipment2__sensor_38__max,4.2205483232982336e-05,weighted_hurdle_filter_and_tree_impurity
regression,equipment2__sensor_35__mean,4.1687574586906404e-05,weighted_hurdle_filter_and_tree_impurity
regression,equipment2__sensor_32__q75,4.0804251313786145e-05,weighted_hurdle_filter_and_tree_impurity
regression,equipment2__sensor_44__mean,4.007517317962476e-05,weighted_hurdle_filter_and_tree_impurity
regression,equipment2__sensor_52__mean,3.953989504344532e-05,weighted_hurdle_filter_and_tree_impurity
regression,equipment2__sensor_41__early_mean,3.948916060305679e-05,weighted_hurdle_filter_and_tree_impurity
regression,equipment2__sensor_32__q25,3.9461778459315e-05,weighted_hurdle_filter_and_tree_impurity
regression,equipment2__sensor_29__early_mean,3.9292040424638046e-05,weighted_hurdle_filter_and_tree_impurity
regression,equipment2__sensor_43__mean,3.875841061797697e-05,weighted_hurdle_filter_and_tree_impurity
regression,equipment2__sensor_42__middle_mean,3.855965949547584e-05,weighted_hurdle_filter_and_tree_impurity
regression,equipment2__sensor_55__middle_mean,3.7276135344588584e-05,weighted_hurdle_filter_and_tree_impurity
regression,equipment2__sensor_39__q25,3.582673045807507e-05,weighted_hurdle_filter_and_tree_impurity
regression,equipment2__sensor_38__q25,3.57558305809808e-05,weighted_hurdle_filter_and_tree_impurity
regression,equipment2__sensor_55__median,3.477050408517506e-05,weighted_hurdle_filter_and_tree_impurity
regression,equipment2__sensor_41__slope,3.443648181602227e-05,weighted_hurdle_filter_and_tree_impurity
regression,equipment2__sensor_41__delta,3.4436481815844086e-05,weighted_hurdle_filter_and_tree_impurity
regression,equipment2__sensor_42__mean,3.3419037655850416e-05,weighted_hurdle_filter_and_tree_impurity
regression,equipment2__sensor_53__median,3.324521647575075e-05,weighted_hurdle_filter_and_tree_impurity
regression,equipment2__sensor_37__median,3.262546362283672e-05,weighted_hurdle_filter_and_tree_impurity
regression,equipment2__sensor_55__q75,3.2250094697376484e-05,weighted_hurdle_filter_and_tree_impurity
regression,equipment2__sensor_54__q25,3.056411613812261e-05,weighted_hurdle_filter_and_tree_impurity
regression,equipment2__sensor_27__q25,3.0561346320914926e-05,weighted_hurdle_filter_and_tree_impurity
regression,equipment2__sensor_35__q25,3.0375800127218594e-05,weighted_hurdle_filter_and_tree_impurity
regression,equipment2__sensor_52__q25,3.0368877169984178e-05,weighted_hurdle_filter_and_tree_impurity
regression,equipment2__sensor_43__q25,3.0253289488051725e-05,weighted_hurdle_filter_and_tree_impurity
regression,equipment2__sensor_37__min,3.017693356548638e-05,weighted_hurdle_filter_and_tree_impurity
regression,equipment2__sensor_40__q75,3.0174861568971297e-05,weighted_hurdle_filter_and_tree_impurity
regression,equipment2__sensor_42__q25,3.0153622887515544e-05,weighted_hurdle_filter_and_tree_impurity
regression,equipment2__sensor_54__late_mean,2.9756649358785653e-05,weighted_hurdle_filter_and_tree_impurity
regression,equipment2__sensor_55__max,2.9721189816855395e-05,weighted_hurdle_filter_and_tree_impurity
regression,equipment2__sensor_55__range,2.9721176317806603e-05,weighted_hurdle_filter_and_tree_impurity
regression,equipment2__sensor_41__middle_mean,2.9521245255596824e-05,weighted_hurdle_filter_and_tree_impurity
regression,equipment2__sensor_41__q25,2.8549515541373715e-05,weighted_hurdle_filter_and_tree_impurity
regression,equipment2__sensor_43__early_mean,2.8393371212464536e-05,weighted_hurdle_filter_and_tree_impurity
regression,equipment2__sensor_52__early_mean,2.7958741727103557e-05,weighted_hurdle_filter_and_tree_impurity
regression,equipment2__sensor_38__late_mean,2.7600813527517053e-05,weighted_hurdle_filter_and_tree_impurity
regression,equipment2__sensor_44__median,2.7583928449323384e-05,weighted_hurdle_filter_and_tree_impurity
regression,equipment2__sensor_55__std,2.7567233819258906e-05,weighted_hurdle_filter_and_tree_impurity
regression,equipment2__sensor_52__median,2.743355847021615e-05,weighted_hurdle_filter_and_tree_impurity
regression,equipment2__sensor_47__q25,2.741805122873311e-05,weighted_hurdle_filter_and_tree_impurity
regression,equipment2__sensor_28__q25,2.7416085632190913e-05,weighted_hurdle_filter_and_tree_impurity
regression,equipment2__sensor_38__early_mean,2.6342963218065966e-05,weighted_hurdle_filter_and_tree_impurity
regression,equipment2__sensor_55__q25,2.5869035769224262e-05,weighted_hurdle_filter_and_tree_impurity
regression,equipment2__sensor_42__std,2.482831194206338e-05,weighted_hurdle_filter_and_tree_impurity
regression,equipment2__sensor_38__min,2.469829137480279e-05,weighted_hurdle_filter_and_tree_impurity
regression,equipment2__sensor_39__late_mean,2.4580135642495342e-05,weighted_hurdle_filter_and_tree_impurity
regression,equipment2__sensor_49__q25,2.4287645608474308e-05,weighted_hurdle_filter_and_tree_impurity
regression,equipment2__sensor_41__late_mean,2.4155075613444076e-05,weighted_hurdle_filter_and_tree_impurity
regression,equipment2__sensor_43__q75,2.4093494547903742e-05,weighted_hurdle_filter_and_tree_impurity
regression,equipment2__sensor_53__mean,2.3715534932904375e-05,weighted_hurdle_filter_and_tree_impurity
regression,equipment2__sensor_53__min,2.3617553685299687e-05,weighted_hurdle_filter_and_tree_impurity
regression,equipment2__sensor_44__q25,2.3220163257041056e-05,weighted_hurdle_filter_and_tree_impurity
regression,equipment2__sensor_54__min,2.2899847270285184e-05,weighted_hurdle_filter_and_tree_impurity
regression,equipment2__sensor_31__q25,2.2725027279388407e-05,weighted_hurdle_filter_and_tree_impurity
regression,equipment2__sensor_43__median,2.2560079042744505e-05,weighted_hurdle_filter_and_tree_impurity
regression,equipment2__sensor_47__late_mean,2.236450003117337e-05,weighted_hurdle_filter_and_tree_impurity
regression,equipment2__sensor_32__range,2.196559660568725e-05,weighted_hurdle_filter_and_tree_impurity
regression,equipment2__sensor_32__max,2.196559660568725e-05,weighted_hurdle_filter_and_tree_impurity
regression,equipment2__sensor_27__late_mean,2.1633386947956452e-05,weighted_hurdle_filter_and_tree_impurity
regression,equipment2__sensor_43__std,2.1599677371659673e-05,weighted_hurdle_filter_and_tree_impurity
regression,equipment2__sensor_52__std,2.1548153103670364e-05,weighted_hurdle_filter_and_tree_impurity
regression,equipment2__sensor_44__late_mean,2.1468485447945285e-05,weighted_hurdle_filter_and_tree_impurity
regression,equipment2__sensor_50__late_mean,2.1468485447945238e-05,weighted_hurdle_filter_and_tree_impurity
regression,equipment2__sensor_35__late_mean,2.1463271777104654e-05,weighted_hurdle_filter_and_tree_impurity
regression,equipment2__sensor_52__late_mean,2.146060361222534e-05,weighted_hurdle_filter_and_tree_impurity
regression,equipment2__sensor_43__late_mean,2.1354580120045947e-05,weighted_hurdle_filter_and_tree_impurity
regression,equipment2__sensor_42__late_mean,2.1309202148744242e-05,weighted_hurdle_filter_and_tree_impurity
regression,equipment2__sensor_28__late_mean,2.089276475400856e-05,weighted_hurdle_filter_and_tree_impurity
regression,equipment2__sensor_31__late_mean,2.059736078381964e-05,weighted_hurdle_filter_and_tree_impurity
regression,equipment2__sensor_35__std,2.054241856654607e-05,weighted_hurdle_filter_and_tree_impurity
regression,equipment2__sensor_34__late_mean,2.0497478041635106e-05,weighted_hurdle_filter_and_tree_impurity
regression,equipment2__sensor_44__std,2.0368305459537956e-05,weighted_hurdle_filter_and_tree_impurity
regression,equipment2__sensor_48__early_mean,2.007928345994804e-05,weighted_hurdle_filter_and_tree_impurity
regression,equipment2__sensor_39__range,1.979503200502152e-05,weighted_hurdle_filter_and_tree_impurity
regression,equipment2__sensor_55__late_mean,1.9707877637745975e-05,weighted_hurdle_filter_and_tree_impurity
regression,equipment2__sensor_37__q25,1.9627175094720133e-05,weighted_hurdle_filter_and_tree_impurity
regression,equipment2__sensor_40__q25,1.9319572255570312e-05,weighted_hurdle_filter_and_tree_impurity
regression,equipment2__sensor_28__delta,1.915780661441951e-05,weighted_hurdle_filter_and_tree_impurity
regression,equipment2__sensor_28__slope,1.9157806614245076e-05,weighted_hurdle_filter_and_tree_impurity
regression,equipment2__sensor_55__early_mean,1.8351246299196534e-05,weighted_hurdle_filter_and_tree_impurity
regression,equipment2__sensor_39__max,1.805576430953003e-05,weighted_hurdle_filter_and_tree_impurity
regression,equipment1__sensor_22__std,1.7413654939790106e-05,weighted_hurdle_filter_and_tree_impurity
regression,equipment2__sensor_39__min,1.727609479872426e-05,weighted_hurdle_filter_and_tree_impurity
regression,equipment2__sensor_37__late_mean,1.7190915180136636e-05,weighted_hurdle_filter_and_tree_impurity
regression,equipment1__sensor_6__range,1.679156204777935e-05,weighted_hurdle_filter_and_tree_impurity
regression,equipment1__sensor_6__max,1.679156204777935e-05,weighted_hurdle_filter_and_tree_impurity
regression,equipment1__sensor_6__late_mean,1.6791562047779258e-05,weighted_hurdle_filter_and_tree_impurity
regression,equipment1__sensor_6__mean,1.679156204777909e-05,weighted_hurdle_filter_and_tree_impurity
regression,equipment1__sensor_6__std,1.6791562047778977e-05,weighted_hurdle_filter_and_tree_impurity
regression,equipment2__sensor_34__q25,1.6630697465681088e-05,weighted_hurdle_filter_and_tree_impurity
regression,equipment2__sensor_31__q75,1.652703163845401e-05,weighted_hurdle_filter_and_tree_impurity
regression,equipment2__sensor_38__delta,1.6182349661941066e-05,weighted_hurdle_filter_and_tree_impurity
regression,equipment2__sensor_38__slope,1.618234966187115e-05,weighted_hurdle_filter_and_tree_impurity
regression,equipment2__sensor_41__q75,1.568873212887895e-05,weighted_hurdle_filter_and_tree_impurity
regression,equipment2__sensor_49__late_mean,1.5200062228213056e-05,weighted_hurdle_filter_and_tree_impurity
regression,equipment2__sensor_52__q75,1.5080599942641927e-05,weighted_hurdle_filter_and_tree_impurity
regression,equipment2__sensor_40__early_mean,1.4905996814501791e-05,weighted_hurdle_filter_and_tree_impurity
regression,equipment2__sensor_25__early_mean,1.4817283166063658e-05,weighted_hurdle_filter_and_tree_impurity
regression,equipment2__sensor_47__min,1.4789950672120407e-05,weighted_hurdle_filter_and_tree_impurity
regression,equipment2__sensor_40__late_mean,1.478663809088075e-05,weighted_hurdle_filter_and_tree_impurity
regression,equipment2__sensor_26__middle_mean,1.4590322437975041e-05,weighted_hurdle_filter_and_tree_impurity
regression,equipment2__sensor_50__median,1.4130896173602265e-05,weighted_hurdle_filter_and_tree_impurity
regression,equipment2__sensor_41__max,1.4050480907400171e-05,weighted_hurdle_filter_and_tree_impurity
regression,equipment2__sensor_41__range,1.3974468026961264e-05,weighted_hurdle_filter_and_tree_impurity
regression,equipment2__sensor_40__std,1.3860124953548813e-05,weighted_hurdle_filter_and_tree_impurity
regression,equipment2__sensor_52__max,1.380361719941956e-05,weighted_hurdle_filter_and_tree_impurity
regression,equipment2__sensor_42__slope,1.277908365337966e-05,weighted_hurdle_filter_and_tree_impurity
regression,equipment2__sensor_42__delta,1.27790836533698e-05,weighted_hurdle_filter_and_tree_impurity
regression,equipment2__sensor_41__std,1.2552359162396389e-05,weighted_hurdle_filter_and_tree_impurity
regression,equipment2__sensor_42__range,1.2494334981105625e-05,weighted_hurdle_filter_and_tree_impurity
regression,equipment2__sensor_43__max,1.2084810802220341e-05,weighted_hurdle_filter_and_tree_impurity
regression,equipment2__sensor_32__early_mean,1.1836432925829287e-05,weighted_hurdle_filter_and_tree_impurity
regression,equipment1__sensor_9__max,1.1630315162322838e-05,weighted_hurdle_filter_and_tree_impurity
regression,equipment1__sensor_9__range,1.1630315162322838e-05,weighted_hurdle_filter_and_tree_impurity
regression,equipment2__sensor_53__max,1.1368831442515348e-05,weighted_hurdle_filter_and_tree_impurity
regression,equipment2__sensor_34__range,1.1311329066276563e-05,weighted_hurdle_filter_and_tree_impurity
regression,equipment2__sensor_29__late_mean,1.0926930980517048e-05,weighted_hurdle_filter_and_tree_impurity
regression,equipment2__sensor_39__q75,1.0437370111482633e-05,weighted_hurdle_filter_and_tree_impurity
regression,equipment2__sensor_34__min,1.0376859289709773e-05,weighted_hurdle_filter_and_tree_impurity
regression,equipment2__sensor_43__slope,1.0297446672979835e-05,weighted_hurdle_filter_and_tree_impurity
regression,equipment2__sensor_43__delta,1.0297446671966068e-05,weighted_hurdle_filter_and_tree_impurity
regression,equipment2__sensor_49__slope,1.0121009305437018e-05,weighted_hurdle_filter_and_tree_impurity
regression,equipment2__sensor_49__delta,1.0121009304977641e-05,weighted_hurdle_filter_and_tree_impurity
regression,equipment2__sensor_53__q75,1.0045093374118136e-05,weighted_hurdle_filter_and_tree_impurity
regression,equipment2__sensor_43__range,1.0008619403367377e-05,weighted_hurdle_filter_and_tree_impurity
regression,equipment2__sensor_52__range,9.842300590885116e-06,weighted_hurdle_filter_and_tree_impurity
regression,equipment2__sensor_52__delta,9.520748083342197e-06,weighted_hurdle_filter_and_tree_impurity
regression,equipment2__sensor_52__slope,9.520748081702369e-06,weighted_hurdle_filter_and_tree_impurity
regression,equipment2__sensor_26__mean,9.470555188835444e-06,weighted_hurdle_filter_and_tree_impurity
regression,equipment2__sensor_27__min,9.364631195004049e-06,weighted_hurdle_filter_and_tree_impurity
regression,equipment2__sensor_52__min,9.228130536500976e-06,weighted_hurdle_filter_and_tree_impurity
regression,equipment2__sensor_50__delta,9.221101131619052e-06,weighted_hurdle_filter_and_tree_impurity
regression,equipment2__sensor_50__slope,9.221101131392959e-06,weighted_hurdle_filter_and_tree_impurity
regression,equipment2__sensor_44__slope,9.221101131097857e-06,weighted_hurdle_filter_and_tree_impurity
regression,equipment2__sensor_44__min,9.221101131063981e-06,weighted_hurdle_filter_and_tree_impurity
regression,equipment2__sensor_28__min,9.221101131063913e-06,weighted_hurdle_filter_and_tree_impurity
regression,equipment2__sensor_44__delta,9.221101131029468e-06,weighted_hurdle_filter_and_tree_impurity
regression,equipment2__sensor_44__range,9.221101129587694e-06,weighted_hurdle_filter_and_tree_impurity
regression,equipment2__sensor_35__min,9.196457435367801e-06,weighted_hurdle_filter_and_tree_impurity
regression,equipment2__sensor_43__min,9.15691859400465e-06,weighted_hurdle_filter_and_tree_impurity
regression,equipment2__sensor_42__min,9.127426259148266e-06,weighted_hurdle_filter_and_tree_impurity
regression,equipment2__sensor_45__q25,8.835685051449016e-06,weighted_hurdle_filter_and_tree_impurity
regression,equipment2__sensor_54__middle_mean,8.744042532698163e-06,weighted_hurdle_filter_and_tree_impurity
regression,equipment1__sensor_11__slope,8.705219999857396e-06,weighted_hurdle_filter_and_tree_impurity
regression,equipment1__sensor_11__delta,8.70521999975758e-06,weighted_hurdle_filter_and_tree_impurity
regression,equipment2__sensor_35__delta,8.491674263329605e-06,weighted_hurdle_filter_and_tree_impurity
regression,equipment2__sensor_35__slope,8.491674262304046e-06,weighted_hurdle_filter_and_tree_impurity
regression,equipment2__sensor_53__range,7.961862398023321e-06,weighted_hurdle_filter_and_tree_impurity
regression,equipment2__sensor_53__std,7.884118241147257e-06,weighted_hurdle_filter_and_tree_impurity
regression,equipment2__sensor_53__early_mean,7.729470697584901e-06,weighted_hurdle_filter_and_tree_impurity
regression,equipment2__sensor_29__median,7.611719375589803e-06,weighted_hurdle_filter_and_tree_impurity
regression,equipment2__sensor_33__early_mean,7.611719375589802e-06,weighted_hurdle_filter_and_tree_impurity
regression,equipment2__sensor_33__middle_mean,7.611719375589802e-06,weighted_hurdle_filter_and_tree_impurity
regression,equipment2__sensor_36__middle_mean,7.611719375589802e-06,weighted_hurdle_filter_and_tree_impurity
regression,equipment2__sensor_33__std,7.6117193755898e-06,weighted_hurdle_filter_and_tree_impurity
regression,equipment2__sensor_33__range,7.611719375589798e-06,weighted_hurdle_filter_and_tree_impurity
regression,equipment1__sensor_20__delta,7.611719375589798e-06,weighted_hurdle_filter_and_tree_impurity
regression,equipment2__sensor_36__q75,7.611719375589798e-06,weighted_hurdle_filter_and_tree_impurity
regression,equipment2__sensor_36__max,7.611719375589798e-06,weighted_hurdle_filter_and_tree_impurity
regression,equipment2__sensor_36__early_mean,7.611719375589798e-06,weighted_hurdle_filter_and_tree_impurity
regression,equipment2__sensor_36__range,7.611719375589798e-06,weighted_hurdle_filter_and_tree_impurity
regression,equipment2__sensor_33__q75,7.611719375589798e-06,weighted_hurdle_filter_and_tree_impurity
regression,equipment2__sensor_33__max,7.611719375589798e-06,weighted_hurdle_filter_and_tree_impurity
regression,equipment1__sensor_20__slope,7.611719375589797e-06,weighted_hurdle_filter_and_tree_impurity
regression,equipment2__sensor_36__mean,7.611719375589796e-06,weighted_hurdle_filter_and_tree_impurity
regression,equipment2__sensor_33__mean,7.611719375589794e-06,weighted_hurdle_filter_and_tree_impurity
regression,equipment2__sensor_36__std,7.611719375589794e-06,weighted_hurdle_filter_and_tree_impurity
regression,equipment2__sensor_26__q25,7.2380897334795775e-06,weighted_hurdle_filter_and_tree_impurity
regression,equipment2__sensor_44__early_mean,7.232796919840244e-06,weighted_hurdle_filter_and_tree_impurity
regression,equipment2__sensor_37__q75,7.032311996850581e-06,weighted_hurdle_filter_and_tree_impurity
regression,equipment2__sensor_27__std,6.930593043330013e-06,weighted_hurdle_filter_and_tree_impurity
regression,equipment2__sensor_35__range,6.4080802572605714e-06,weighted_hurdle_filter_and_tree_impurity
regression,equipment2__sensor_54__range,6.388733315383176e-06,weighted_hurdle_filter_and_tree_impurity
regression,equipment2__sensor_41__min,6.2867972342625375e-06,weighted_hurdle_filter_and_tree_impurity
regression,equipment2__sensor_53__late_mean,6.260597396677689e-06,weighted_hurdle_filter_and_tree_impurity
regression,equipment2__sensor_54__std,5.921963345065193e-06,weighted_hurdle_filter_and_tree_impurity
regression,equipment2__sensor_53__q25,5.618458239200489e-06,weighted_hurdle_filter_and_tree_impurity
regression,equipment2__sensor_53__delta,5.260219518196292e-06,weighted_hurdle_filter_and_tree_impurity
regression,equipment2__sensor_53__slope,5.260219518189686e-06,weighted_hurdle_filter_and_tree_impurity
regression,equipment2__sensor_54__slope,4.645257261923168e-06,weighted_hurdle_filter_and_tree_impurity
regression,equipment2__sensor_54__delta,4.6452572619111805e-06,weighted_hurdle_filter_and_tree_impurity
regression,equipment2__sensor_26__max,4.4896469364334735e-06,weighted_hurdle_filter_and_tree_impurity
regression,equipment2__sensor_26__q75,4.483886284888338e-06,weighted_hurdle_filter_and_tree_impurity
regression,equipment2__sensor_26__median,4.48329178537163e-06,weighted_hurdle_filter_and_tree_impurity
regression,equipment2__sensor_26__early_mean,4.479076760417056e-06,weighted_hurdle_filter_and_tree_impurity
regression,equipment2__sensor_40__min,4.211061220274106e-06,weighted_hurdle_filter_and_tree_impurity
regression,equipment2__sensor_55__min,4.108306576600406e-06,weighted_hurdle_filter_and_tree_impurity
regression,equipment2__sensor_54__max,3.998394870750771e-06,weighted_hurdle_filter_and_tree_impurity
regression,equipment2__sensor_45__late_mean,3.839804305822468e-06,weighted_hurdle_filter_and_tree_impurity
regression,equipment2__sensor_26__range,3.8193217355797015e-06,weighted_hurdle_filter_and_tree_impurity
regression,equipment2__sensor_26__delta,3.8068840747110757e-06,weighted_hurdle_filter_and_tree_impurity
regression,equipment2__sensor_26__slope,3.8068840747063043e-06,weighted_hurdle_filter_and_tree_impurity
regression,equipment2__sensor_34__slope,3.4431741897073697e-06,weighted_hurdle_filter_and_tree_impurity
regression,equipment2__sensor_34__delta,3.443174189626603e-06,weighted_hurdle_filter_and_tree_impurity
regression,equipment2__sensor_49__range,3.407278148561113e-06,weighted_hurdle_filter_and_tree_impurity
regression,equipment2__sensor_49__max,3.4013547017978716e-06,weighted_hurdle_filter_and_tree_impurity
regression,equipment2__sensor_28__mean,3.346837223065671e-06,weighted_hurdle_filter_and_tree_impurity
regression,equipment2__sensor_37__std,3.2683363700358923e-06,weighted_hurdle_filter_and_tree_impurity
regression,equipment2__sensor_28__middle_mean,3.0713851197085594e-06,weighted_hurdle_filter_and_tree_impurity
regression,equipment2__sensor_26__late_mean,2.767651658973184e-06,weighted_hurdle_filter_and_tree_impurity
regression,equipment2__sensor_38__q75,2.5804224986484723e-06,weighted_hurdle_filter_and_tree_impurity
regression,equipment2__sensor_26__std,2.4880231336993207e-06,weighted_hurdle_filter_and_tree_impurity
regression,equipment2__sensor_54__early_mean,2.164578304377616e-06,weighted_hurdle_filter_and_tree_impurity
regression,equipment2__sensor_49__min,1.8155050076739846e-06,weighted_hurdle_filter_and_tree_impurity
regression,equipment1__sensor_12__max,1.3855140422231538e-06,weighted_hurdle_filter_and_tree_impurity
regression,equipment1__sensor_12__range,1.3855140422231538e-06,weighted_hurdle_filter_and_tree_impurity
regression,equipment1__sensor_12__late_mean,1.3855140422229546e-06,weighted_hurdle_filter_and_tree_impurity
regression,equipment1__sensor_12__mean,1.3855140422226481e-06,weighted_hurdle_filter_and_tree_impurity
regression,equipment1__sensor_12__std,1.3855140422224563e-06,weighted_hurdle_filter_and_tree_impurity
regression,equipment2__sensor_27__range,1.2782837108845081e-06,weighted_hurdle_filter_and_tree_impurity
regression,equipment2__sensor_27__delta,1.2782837108845081e-06,weighted_hurdle_filter_and_tree_impurity
regression,equipment2__sensor_27__slope,1.278283710696661e-06,weighted_hurdle_filter_and_tree_impurity
regression,equipment2__sensor_37__delta,1.2466535652606268e-06,weighted_hurdle_filter_and_tree_impurity
regression,equipment2__sensor_37__slope,1.246653565244221e-06,weighted_hurdle_filter_and_tree_impurity
regression,equipment2__sensor_41__mean,1.011550801521609e-06,weighted_hurdle_filter_and_tree_impurity
regression,equipment2__sensor_55__delta,7.447099031634189e-07,weighted_hurdle_filter_and_tree_impurity
regression,equipment2__sensor_55__slope,7.447099030149962e-07,weighted_hurdle_filter_and_tree_impurity
regression,equipment2__sensor_45__min,7.334329076230187e-07,weighted_hurdle_filter_and_tree_impurity
regression,equipment2__sensor_28__median,6.621700470330168e-07,weighted_hurdle_filter_and_tree_impurity
regression,equipment2__sensor_37__range,6.231915484590482e-07,weighted_hurdle_filter_and_tree_impurity
regression,equipment2__sensor_37__max,6.144461697710719e-07,weighted_hurdle_filter_and_tree_impurity
regression,equipment2__sensor_54__mean,4.36021682889995e-07,weighted_hurdle_filter_and_tree_impurity
regression,equipment2__sensor_54__q75,3.844414837646774e-07,weighted_hurdle_filter_and_tree_impurity
regression,equipment2__sensor_26__min,2.809461740273846e-07,weighted_hurdle_filter_and_tree_impurity
regression,equipment2__sensor_31__range,2.4332610872740115e-07,weighted_hurdle_filter_and_tree_impurity
regression,equipment2__sensor_31__max,2.4332610872740115e-07,weighted_hurdle_filter_and_tree_impurity
regression,equipment2__sensor_37__early_mean,8.72171604068636e-08,weighted_hurdle_filter_and_tree_impurity
regression,equipment2__sensor_54__median,2.4440617228470816e-08,weighted_hurdle_filter_and_tree_impurity
classification,equipment2__sensor_47__q75,0.03211033693075617,tree_impurity
classification,equipment1__sensor_5__mean,0.030448364407577123,tree_impurity
classification,equipment2__sensor_47__early_mean,0.029828735451379623,tree_impurity
classification,equipment2__sensor_47__range,0.028935346649948172,tree_impurity
classification,equipment1__sensor_1__middle_mean,0.02816993808312679,tree_impurity
classification,equipment2__sensor_47__max,0.027530709038215653,tree_impurity
classification,equipment1__sensor_4__early_mean,0.02617635937620411,tree_impurity
classification,equipment2__sensor_47__delta,0.022125015455621785,tree_impurity
classification,equipment2__sensor_47__median,0.021957714279546466,tree_impurity
classification,equipment2__sensor_47__slope,0.021520506548490158,tree_impurity
classification,equipment1__sensor_1__mean,0.021420944606494203,tree_impurity
classification,equipment2__sensor_47__std,0.021055789478000624,tree_impurity
classification,equipment1__sensor_19__range,0.020887099292770793,tree_impurity
classification,equipment1__sensor_2__middle_mean,0.0205403120015083,tree_impurity
classification,equipment2__sensor_47__mean,0.020171505972890684,tree_impurity
classification,equipment1__sensor_3__middle_mean,0.018691021430136817,tree_impurity
classification,equipment1__sensor_19__q75,0.01844534725658259,tree_impurity
classification,equipment2__sensor_47__middle_mean,0.018405292389292494,tree_impurity
classification,equipment1__sensor_5__std,0.018304501513164952,tree_impurity
classification,equipment1__sensor_19__std,0.01714673569399042,tree_impurity
classification,equipment1__sensor_19__middle_mean,0.01673751504127146,tree_impurity
classification,equipment1__sensor_20__std,0.016279675911558104,tree_impurity
classification,equipment1__sensor_4__max,0.015931346198300694,tree_impurity
classification,equipment1__sensor_18__early_mean,0.015035298726560368,tree_impurity
classification,equipment1__sensor_15__mean,0.015034419542796544,tree_impurity
classification,equipment1__sensor_9__std,0.01500709922399147,tree_impurity
classification,equipment2__sensor_46__std,0.01487127862532562,tree_impurity
classification,equipment1__sensor_19__max,0.01461738420390477,tree_impurity
classification,equipment1__sensor_20__mean,0.014423343710953702,tree_impurity
classification,equipment1__sensor_5__median,0.013970794434068193,tree_impurity
classification,equipment1__sensor_18__mean,0.013891931493594524,tree_impurity
classification,equipment1__sensor_4__middle_mean,0.013843360487621042,tree_impurity
classification,equipment1__sensor_4__late_mean,0.013687047838119835,tree_impurity
classification,equipment2__sensor_46__max,0.013638196568380806,tree_impurity
classification,equipment1__sensor_2__early_mean,0.013450196741244922,tree_impurity
classification,equipment2__sensor_46__range,0.012029012397786051,tree_impurity
classification,equipment1__sensor_3__std,0.011615622275667774,tree_impurity
classification,equipment2__sensor_50__std,0.011407596122040405,tree_impurity
classification,equipment1__sensor_3__late_mean,0.010934034444783998,tree_impurity
classification,equipment1__sensor_4__q75,0.010178996944421521,tree_impurity
classification,equipment1__sensor_3__mean,0.010137154791122906,tree_impurity
classification,equipment1__sensor_5__slope,0.009932002616009803,tree_impurity
classification,equipment1__sensor_20__middle_mean,0.009305387703861379,tree_impurity
classification,equipment1__sensor_16__mean,0.009215630703014791,tree_impurity
classification,equipment1__sensor_4__range,0.00856348393505129,tree_impurity
classification,equipment1__sensor_1__early_mean,0.008028523958986115,tree_impurity
classification,equipment1__sensor_4__mean,0.007530853901927618,tree_impurity
classification,equipment2__sensor_48__range,0.00749350508775648,tree_impurity
classification,equipment1__sensor_2__std,0.007104446039050665,tree_impurity
classification,equipment1__sensor_20__range,0.006098466645552292,tree_impurity
classification,equipment1__sensor_18__middle_mean,0.006081926827001983,tree_impurity
classification,equipment1__sensor_22__q75,0.005980100441446754,tree_impurity
classification,equipment1__sensor_1__std,0.005920024970882921,tree_impurity
classification,equipment1__sensor_18__std,0.005873515725734588,tree_impurity
classification,equipment1__sensor_20__early_mean,0.00587057400915944,tree_impurity
classification,equipment1__sensor_3__range,0.005850121242232456,tree_impurity
classification,equipment1__sensor_18__median,0.0055343075953994325,tree_impurity
classification,equipment2__sensor_48__max,0.005517670858324936,tree_impurity
classification,equipment1__sensor_4__delta,0.005500193833833476,tree_impurity
classification,equipment1__sensor_14__mean,0.005409717040199516,tree_impurity
classification,equipment1__sensor_5__early_mean,0.005338272038803197,tree_impurity
classification,equipment1__sensor_11__mean,0.0049836983084421485,tree_impurity
classification,equipment1__sensor_13__mean,0.00472473152631075,tree_impurity
classification,equipment1__sensor_3__max,0.004719301464294732,tree_impurity
classification,equipment1__sensor_3__early_mean,0.004351085381064394,tree_impurity
classification,equipment1__sensor_18__max,0.004233142817727668,tree_impurity
classification,equipment1__sensor_18__late_mean,0.00412182143000247,tree_impurity
classification,equipment1__sensor_4__slope,0.003904730788498369,tree_impurity
classification,equipment1__sensor_11__late_mean,0.00389267045882317,tree_impurity
classification,equipment1__sensor_23__mean,0.003757982129152317,tree_impurity
classification,equipment1__sensor_4__std,0.0037274040511605534,tree_impurity
classification,equipment1__sensor_4__median,0.0036970868350369164,tree_impurity
classification,equipment1__sensor_11__middle_mean,0.003373583748495979,tree_impurity
classification,equipment1__sensor_20__max,0.0032168859593901065,tree_impurity
classification,equipment1__sensor_18__range,0.0031467607463138048,tree_impurity
classification,equipment1__sensor_22__middle_mean,0.002944697331402552,tree_impurity
classification,equipment1__sensor_14__std,0.002940162262653213,tree_impurity
classification,equipment1__sensor_13__std,0.002829413675434184,tree_impurity
classification,equipment1__sensor_16__std,0.0028006972276598267,tree_impurity
classification,equipment1__sensor_3__delta,0.002765696073205084,tree_impurity
classification,equipment1__sensor_9__mean,0.0027272836506314,tree_impurity
classification,equipment1__sensor_22__mean,0.00264631236396404,tree_impurity
classification,equipment1__sensor_2__mean,0.0024923402966472935,tree_impurity
classification,equipment1__sensor_15__std,0.0024865920184872765,tree_impurity
classification,equipment1__sensor_3__slope,0.002476206494355591,tree_impurity
classification,equipment1__sensor_5__delta,0.0024667591341629848,tree_impurity
classification,equipment1__sensor_23__std,0.002269888336192726,tree_impurity
classification,equipment1__sensor_5__max,0.0022623009490951953,tree_impurity
classification,equipment1__sensor_5__range,0.0021458964970656404,tree_impurity
classification,equipment1__sensor_5__q25,0.002127994466563108,tree_impurity
classification,equipment1__sensor_11__early_mean,0.0021279023228913323,tree_impurity
classification,equipment1__sensor_9__late_mean,0.0013776756577260755,tree_impurity
classification,equipment1__sensor_20__q75,0.001307661001779494,tree_impurity
classification,equipment1__sensor_3__q75,0.001261502621147354,tree_impurity
classification,equipment1__sensor_9__early_mean,0.001243630443435756,tree_impurity
classification,equipment1__sensor_23__middle_mean,0.0012107001372659639,tree_impurity
classification,equipment1__sensor_1__range,0.0010110966294764384,tree_impurity
classification,equipment1__sensor_17__std,0.000987563517801079,tree_impurity
classification,equipment1__sensor_17__mean,0.0009810961806713872,tree_impurity
classification,equipment1__sensor_17__late_mean,0.0009746445727068468,tree_impurity
classification,equipment1__sensor_1__max,0.00089398529927312,tree_impurity
classification,equipment1__sensor_23__late_mean,0.0008006401598356398,tree_impurity
classification,equipment1__sensor_9__middle_mean,0.0007534065468254248,tree_impurity
classification,equipment1__sensor_11__median,0.0007485812760099934,tree_impurity
classification,equipment1__sensor_13__middle_mean,0.0007128756969950199,tree_impurity
classification,equipment1__sensor_3__q25,0.0006794693357194104,tree_impurity
classification,equipment1__sensor_15__middle_mean,0.0005300927566259785,tree_impurity
classification,equipment1__sensor_14__middle_mean,0.0003684458184636827,tree_impurity
classification,equipment1__sensor_11__q25,0.0003293550756447981,tree_impurity
classification,equipment1__sensor_3__median,0.00022502295611558432,tree_impurity
classification,equipment1__sensor_5__middle_mean,0.00019045481325026745,tree_impurity
classification,equipment1__sensor_5__late_mean,0.00013350924307665193,tree_impurity
classification,equipment1__sensor_5__q75,0.00013024556079925477,tree_impurity
classification,equipment1__sensor_16__middle_mean,4.259687983095269e-05,tree_impurity
classification,equipment1__sensor_4__q25,3.112320957233581e-06,tree_impurity
classification,equipment1__sensor_22__max,2.7876098584251966e-18,tree_impurity
classification,equipment1__sensor_2__range,1.381708328749038e-18,tree_impurity
classification,equipment1__sensor_9__median,7.5286759170156515e-19,tree_impurity
classification,equipment1__sensor_2__max,0.0,tree_impurity
classification,equipment1__sensor_22__range,0.0,tree_impurity
