task,model,fold,mae,rmse,r2,pr_auc,roc_auc,recall_bad,precision_bad,false_negative_rate,specificity,brier_score,decision_threshold,tn,fp,fn,tp
regression,QualityHurdleForestBlend,1,0.23378530903859346,0.41072155762972995,-0.10263138686576778,,,,,,,,,,,,
regression,QualityHurdleForestBlend,2,0.19887263134304833,0.4312235355259077,-0.053896484787318455,,,,,,,,,,,,
regression,QualityHurdleForestBlend,3,0.3113352476782114,0.4609802108792859,0.2767622849829553,,,,,,,,,,,,
regression,QualityHurdleForestBlend,4,0.22861413303396175,0.3824508709170318,0.30765436708359595,,,,,,,,,,,,
regression,QualityHurdleForestBlend,5,0.1494250782633124,0.2066482655879797,-0.721291732116607,,,,,,,,,,,,
classification,RandomForest,1,,,,0.2151275360679153,0.677115987460815,1.0,0.24166666666666667,0.0,0.4484848484848485,0.17069007332541739,0.08043324658062267,74.0,91.0,0.0,29.0
classification,RandomForest,2,,,,0.3035428015240671,0.6955288621955289,0.2972972972972973,0.2682926829268293,0.7027027027027027,0.8148148148148148,0.16609653695839743,0.08043324658062267,132.0,30.0,26.0,11.0
classification,RandomForest,3,,,,0.3896764234927565,0.6947337962962963,1.0,0.40298507462686567,0.0,0.375,0.20454493619136468,0.08043324658062267,48.0,80.0,0.0,54.0
classification,RandomForest,4,,,,0.6771334080115751,0.913469007301538,0.9024390243902439,0.5606060606060606,0.0975609756097561,0.8152866242038217,0.09850440141083334,0.08043324658062267,128.0,29.0,4.0,37.0
classification,RandomForest,5,,,,0.08557149620956762,0.6554967666078777,0.5555555555555556,0.09259259259259259,0.4444444444444444,0.7407407407407407,0.12493997265427872,0.08043324658062267,140.0,49.0,4.0,5.0
