lot,wafer,fold,response_actual,response_predicted_oof,class_actual,bad_probability_oof,class_predicted_oof,data_lane,dataset_version
lot10,1,2,0.4086,0.44052371345815333,good,0.027802823153748078,good,real_open_source,bf7c6d16fdcd7217
lot10,10,2,0.414,0.47940461048236804,good,0.20894472600957822,bad,real_open_source,bf7c6d16fdcd7217
lot10,11,2,0.4320000000000001,0.45334611566017824,good,0.14601232339349218,bad,real_open_source,bf7c6d16fdcd7217
lot10,12,2,0.4266,0.45918162247338534,good,0.16325597704216635,bad,real_open_source,bf7c6d16fdcd7217
lot10,13,2,0.4320000000000001,0.4471286674588216,good,0.08982155478472159,bad,real_open_source,bf7c6d16fdcd7217
lot10,14,2,0.4266,0.47194369276910003,good,0.3026689020735053,bad,real_open_source,bf7c6d16fdcd7217
lot10,15,2,0.45,0.4447481910442148,good,0.09228859939776825,bad,real_open_source,bf7c6d16fdcd7217
lot10,16,2,0.423,0.4678804712139304,good,0.14663269589090533,bad,real_open_source,bf7c6d16fdcd7217
lot10,17,2,0.45,0.4500558466872963,good,0.14616445377507215,bad,real_open_source,bf7c6d16fdcd7217
lot10,18,2,0.45,0.4492636739070385,good,0.09594034365171855,bad,real_open_source,bf7c6d16fdcd7217
lot10,19,2,0.4589999999999999,0.450233432683293,good,0.1357359743746313,bad,real_open_source,bf7c6d16fdcd7217
lot10,2,2,0.4032,0.4910980504926791,good,0.1909189529268884,bad,real_open_source,bf7c6d16fdcd7217
lot10,20,2,0.441,0.4521351255659607,good,0.15625715426544068,bad,real_open_source,bf7c6d16fdcd7217
lot10,21,2,0.4716,0.4392655582791911,good,0.059268180256622255,good,real_open_source,bf7c6d16fdcd7217
lot10,22,2,0.441,0.45760278172102176,good,0.10913920740959997,bad,real_open_source,bf7c6d16fdcd7217
lot10,23,2,0.4679999999999999,0.4462181000524831,good,0.0834029902588567,bad,real_open_source,bf7c6d16fdcd7217
lot10,24,2,0.4626,0.45979605448305255,good,0.15176239297824168,bad,real_open_source,bf7c6d16fdcd7217
lot10,25,2,0.4572,0.4896024726848861,good,0.12199026138355185,bad,real_open_source,bf7c6d16fdcd7217
lot10,3,2,0.441,0.446672240691131,good,0.0640513350824529,good,real_open_source,bf7c6d16fdcd7217
lot10,4,2,0.4032,0.5407101981645435,good,0.19946739878169695,bad,real_open_source,bf7c6d16fdcd7217
lot10,5,2,0.4266,0.4568623091219466,good,0.1503684220063212,bad,real_open_source,bf7c6d16fdcd7217
lot10,6,2,0.414,0.4597747103063772,good,0.16669358862172415,bad,real_open_source,bf7c6d16fdcd7217
lot10,7,2,0.423,0.4403775023846328,good,0.06361774460570417,good,real_open_source,bf7c6d16fdcd7217
lot10,8,2,0.4086,0.4626369717467862,good,0.17248937145180515,bad,real_open_source,bf7c6d16fdcd7217
lot10,9,2,0.441,0.4350545570819102,good,0.032691317678762905,good,real_open_source,bf7c6d16fdcd7217
lot103,1,4,0.3816,0.7674257869898867,good,0.464247719670234,bad,real_open_source,bf7c6d16fdcd7217
lot103,10,4,1.008,0.8785411451777884,bad,0.3888759880640963,bad,real_open_source,bf7c6d16fdcd7217
lot103,11,4,2.0088,0.9084044186421192,bad,0.5174498070349444,bad,real_open_source,bf7c6d16fdcd7217
lot103,12,4,1.926,0.9061474568413668,bad,0.49170881680458806,bad,real_open_source,bf7c6d16fdcd7217
lot103,13,4,1.998,0.8747219960515301,bad,0.47124689490198757,bad,real_open_source,bf7c6d16fdcd7217
lot103,14,4,0.414,0.5850954641069658,good,0.2319685710645728,bad,real_open_source,bf7c6d16fdcd7217
lot103,15,4,1.989,0.9224461182783606,bad,0.4747796420055297,bad,real_open_source,bf7c6d16fdcd7217
lot103,16,4,1.0206,0.8765434306083079,bad,0.38850109552812945,bad,real_open_source,bf7c6d16fdcd7217
lot103,17,4,1.9566,0.8304440871198434,bad,0.6112072066906161,bad,real_open_source,bf7c6d16fdcd7217
lot103,18,4,1.0188,0.8248262615564796,bad,0.32445678689520047,bad,real_open_source,bf7c6d16fdcd7217
lot103,19,4,1.0242,0.8735323704192695,bad,0.5511079034304145,bad,real_open_source,bf7c6d16fdcd7217
lot103,2,4,0.396,0.8883536317984252,good,0.40283533157297496,bad,real_open_source,bf7c6d16fdcd7217
lot103,20,4,0.4554,0.8975544388591862,good,0.6263655003840612,bad,real_open_source,bf7c6d16fdcd7217
lot103,21,4,1.9746,0.8060620933751639,bad,0.36473235590274067,bad,real_open_source,bf7c6d16fdcd7217
lot103,22,4,0.4104,0.8924235319594301,good,0.5828598892579195,bad,real_open_source,bf7c6d16fdcd7217
lot103,23,4,1.9656,0.8421895911542661,bad,0.40737586203432546,bad,real_open_source,bf7c6d16fdcd7217
lot103,24,4,0.414,0.8153116364296209,good,0.3515631498401271,bad,real_open_source,bf7c6d16fdcd7217
lot103,25,4,1.0422,0.8780073976799289,bad,0.49284795870440995,bad,real_open_source,bf7c6d16fdcd7217
lot103,3,4,2.0286,0.8566556785689345,bad,0.3973389600313326,bad,real_open_source,bf7c6d16fdcd7217
lot103,4,4,1.971,0.8451670498319352,bad,0.3721579795833267,bad,real_open_source,bf7c6d16fdcd7217
lot103,5,4,1.9908,0.9177984615564811,bad,0.6076474379897362,bad,real_open_source,bf7c6d16fdcd7217
lot103,6,4,1.9782,0.8638088044691288,bad,0.6368468982042735,bad,real_open_source,bf7c6d16fdcd7217
lot103,7,4,2.0142,0.8395232053411928,bad,0.3719116755122628,bad,real_open_source,bf7c6d16fdcd7217
lot103,8,4,1.9422,0.954065762393738,bad,0.5895189175583482,bad,real_open_source,bf7c6d16fdcd7217
lot103,9,4,1.9728,0.8464754495327779,bad,0.3872690477788032,bad,real_open_source,bf7c6d16fdcd7217
lot11,1,5,0.405,0.5343427122189478,good,0.18504659696838172,bad,real_open_source,bf7c6d16fdcd7217
lot11,10,5,0.387,0.4769292857313947,good,0.010663217047793914,good,real_open_source,bf7c6d16fdcd7217
lot11,11,5,0.3816,0.5042642115964521,good,0.04955104845122653,good,real_open_source,bf7c6d16fdcd7217
lot11,12,5,0.387,0.48672309351784426,good,0.028458010576298737,good,real_open_source,bf7c6d16fdcd7217
lot11,13,5,0.387,0.5091164959137676,good,0.13949303139587368,bad,real_open_source,bf7c6d16fdcd7217
lot11,14,5,0.9792,0.4874361941894454,bad,0.005445361586793151,good,real_open_source,bf7c6d16fdcd7217
lot11,15,5,0.387,0.49749429771374576,good,0.02975830894598042,good,real_open_source,bf7c6d16fdcd7217
lot11,16,5,0.387,0.5001301128207385,good,0.07574477271136636,good,real_open_source,bf7c6d16fdcd7217
lot11,17,5,0.3906,0.5373190477603168,good,0.14434399928998656,bad,real_open_source,bf7c6d16fdcd7217
lot11,18,5,0.387,0.48107787147895387,good,0.01468060186478491,good,real_open_source,bf7c6d16fdcd7217
lot11,19,5,0.3779999999999999,0.5089309217957898,good,0.0411181192682153,good,real_open_source,bf7c6d16fdcd7217
lot11,2,5,0.405,0.5133770944551999,good,0.2016642670023622,bad,real_open_source,bf7c6d16fdcd7217
lot11,20,5,0.3816,0.4823244171183548,good,0.013594260121597368,good,real_open_source,bf7c6d16fdcd7217
lot11,21,5,0.3779999999999999,0.519073635747751,good,0.031164116105932706,good,real_open_source,bf7c6d16fdcd7217
lot11,22,5,0.3816,0.49264817267959427,good,0.005555555555555556,good,real_open_source,bf7c6d16fdcd7217
lot11,23,5,0.3816,0.5181230410123384,good,0.037709293634493816,good,real_open_source,bf7c6d16fdcd7217
lot11,24,5,0.3906,0.4782848711860833,good,0.058537977190159386,good,real_open_source,bf7c6d16fdcd7217
lot11,25,5,0.3636,0.5221837739256785,good,0.04064578160237858,good,real_open_source,bf7c6d16fdcd7217
lot11,3,5,0.4086,0.5166722659817513,good,0.06978180723807575,good,real_open_source,bf7c6d16fdcd7217
lot11,4,5,0.3996,0.4818816344077762,good,0.07955324371067835,good,real_open_source,bf7c6d16fdcd7217
lot11,5,5,0.405,0.5079476028659639,good,0.0780025796835955,good,real_open_source,bf7c6d16fdcd7217
lot11,6,5,0.405,0.4817546723937073,good,0.02882477425442642,good,real_open_source,bf7c6d16fdcd7217
lot11,7,5,0.3906,0.5015828779645412,good,0.04407814342900911,good,real_open_source,bf7c6d16fdcd7217
lot11,8,5,0.3996,0.5257357010210317,good,0.07144335251864666,good,real_open_source,bf7c6d16fdcd7217
lot11,9,5,0.387,0.4900067325196657,good,0.012909798439260527,good,real_open_source,bf7c6d16fdcd7217
lot12,1,2,0.3636,0.42046212992872956,good,0.017406475019311692,good,real_open_source,bf7c6d16fdcd7217
lot12,10,2,0.3906,0.4525303215053082,good,0.005031892274982281,good,real_open_source,bf7c6d16fdcd7217
lot12,11,2,0.369,0.4330528538609968,good,0.005555555555555556,good,real_open_source,bf7c6d16fdcd7217
lot12,12,2,0.387,0.498322585355838,good,0.1646762035362926,bad,real_open_source,bf7c6d16fdcd7217
lot12,13,2,0.369,0.4604054273945794,good,0.08011340813227513,good,real_open_source,bf7c6d16fdcd7217
lot12,14,2,0.396,0.4852774261979593,good,0.06910151405803479,good,real_open_source,bf7c6d16fdcd7217
lot12,15,2,0.369,0.42962938591910294,good,0.0,good,real_open_source,bf7c6d16fdcd7217
lot12,16,2,0.387,0.4463705862744733,good,0.0,good,real_open_source,bf7c6d16fdcd7217
lot12,17,2,0.3636,0.45282843634543135,good,0.18222779717823911,bad,real_open_source,bf7c6d16fdcd7217
lot12,18,2,0.387,0.4864717303615437,good,0.07003860006034583,good,real_open_source,bf7c6d16fdcd7217
lot12,19,2,0.3636,0.4364900658902301,good,0.01936369978468091,good,real_open_source,bf7c6d16fdcd7217
lot12,2,2,0.3779999999999999,0.44214604893190557,good,0.19477350507428395,bad,real_open_source,bf7c6d16fdcd7217
lot12,20,2,0.396,0.47876953085249885,good,0.03467514363180857,good,real_open_source,bf7c6d16fdcd7217
lot12,21,2,0.3726,0.4279794281417994,good,0.0,good,real_open_source,bf7c6d16fdcd7217
lot12,22,2,0.387,0.46874199311525216,good,0.08580726373754745,bad,real_open_source,bf7c6d16fdcd7217
lot12,23,2,0.9882,0.4360125327181125,bad,0.0,good,real_open_source,bf7c6d16fdcd7217
lot12,24,2,0.387,0.4721144639348022,good,0.09373096038922304,bad,real_open_source,bf7c6d16fdcd7217
lot12,25,2,0.4068,0.4463429943094234,good,0.08475343379481384,bad,real_open_source,bf7c6d16fdcd7217
lot12,3,2,0.9684,0.4265073686672145,bad,0.04116471326218549,good,real_open_source,bf7c6d16fdcd7217
lot12,4,2,0.387,0.4421426249914847,good,0.009630337870837205,good,real_open_source,bf7c6d16fdcd7217
lot12,5,2,0.36,0.4258848187589721,good,0.003922651933701657,good,real_open_source,bf7c6d16fdcd7217
lot12,6,2,0.387,0.44452711543460854,good,0.009630337870837205,good,real_open_source,bf7c6d16fdcd7217
lot12,7,2,0.369,0.4318314549281068,good,0.004598445595854922,good,real_open_source,bf7c6d16fdcd7217
lot12,8,2,0.3779999999999999,0.46077606530891646,good,0.010154001151410479,good,real_open_source,bf7c6d16fdcd7217
lot12,9,2,0.36,0.4529310961628569,good,0.19379671854262873,bad,real_open_source,bf7c6d16fdcd7217
lot13,1,3,0.369,0.5162808142321144,good,0.17264459506119018,bad,real_open_source,bf7c6d16fdcd7217
lot13,10,3,0.405,0.4491013924153293,good,0.10779469581979681,bad,real_open_source,bf7c6d16fdcd7217
lot13,11,3,0.4176,0.47284308981487966,good,0.10273497219860848,bad,real_open_source,bf7c6d16fdcd7217
lot13,12,3,0.441,0.4570296892277752,good,0.22318905840343548,bad,real_open_source,bf7c6d16fdcd7217
lot13,13,3,0.3906,0.4550544163690575,good,0.052635025692036624,good,real_open_source,bf7c6d16fdcd7217
lot13,14,3,0.414,0.4652470790626185,good,0.07542041284455449,good,real_open_source,bf7c6d16fdcd7217
lot13,15,3,0.4122,0.4649963532522828,good,0.07713680899724347,good,real_open_source,bf7c6d16fdcd7217
lot13,16,3,0.387,0.46536690616994636,good,0.08168252020563406,bad,real_open_source,bf7c6d16fdcd7217
lot13,17,3,0.396,0.47507772992740793,good,0.09393233753781992,bad,real_open_source,bf7c6d16fdcd7217
lot13,18,3,0.405,0.4706758075618209,good,0.07607993123724768,good,real_open_source,bf7c6d16fdcd7217
lot13,19,3,0.3779999999999999,0.4518706222044546,good,0.04521620651368982,good,real_open_source,bf7c6d16fdcd7217
lot13,2,3,0.3996,0.48276215390085075,good,0.18149151788676005,bad,real_open_source,bf7c6d16fdcd7217
lot13,20,3,0.387,0.4706571017586926,good,0.04362765807632728,good,real_open_source,bf7c6d16fdcd7217
lot13,21,3,0.396,0.4701500703124752,good,0.09749383550856092,bad,real_open_source,bf7c6d16fdcd7217
lot13,22,3,0.3816,0.46471608796671005,good,0.07441817090902439,good,real_open_source,bf7c6d16fdcd7217
lot13,23,3,0.387,0.49950694754502745,good,0.08331794960272834,bad,real_open_source,bf7c6d16fdcd7217
lot13,24,3,0.3996,0.44489754655177205,good,0.024720018423986665,good,real_open_source,bf7c6d16fdcd7217
lot13,25,3,0.3672,0.5105372854152289,good,0.2322394800959461,bad,real_open_source,bf7c6d16fdcd7217
lot13,3,3,0.4086,0.5074061061050841,good,0.19810323401172805,bad,real_open_source,bf7c6d16fdcd7217
lot13,4,3,0.3996,0.466404140543825,good,0.1603060329810638,bad,real_open_source,bf7c6d16fdcd7217
lot13,5,3,0.396,0.4938810010306942,good,0.1590268597764739,bad,real_open_source,bf7c6d16fdcd7217
lot13,6,3,0.423,0.469689337851673,good,0.14829354944205145,bad,real_open_source,bf7c6d16fdcd7217
lot13,7,3,0.396,0.4733749703065213,good,0.06076569227355489,good,real_open_source,bf7c6d16fdcd7217
lot13,8,3,0.4086,0.45306565199798843,good,0.03777025500580945,good,real_open_source,bf7c6d16fdcd7217
lot13,9,3,0.4176,0.468085835697419,good,0.06533547422023808,good,real_open_source,bf7c6d16fdcd7217
lot16,1,1,0.4176,0.5680301705854578,good,0.28184216583385563,bad,real_open_source,bf7c6d16fdcd7217
lot16,10,1,0.423,0.5499349854015811,good,0.33432066071065364,bad,real_open_source,bf7c6d16fdcd7217
lot16,11,1,0.414,0.5444094893214362,good,0.33368064328502395,bad,real_open_source,bf7c6d16fdcd7217
lot16,12,1,0.423,0.5675328148011872,good,0.35746773902195367,bad,real_open_source,bf7c6d16fdcd7217
lot16,14,1,0.4176,0.5259641818063068,good,0.23824294415878883,bad,real_open_source,bf7c6d16fdcd7217
lot16,15,1,0.4266,0.5680324316430567,good,0.3751195303344874,bad,real_open_source,bf7c6d16fdcd7217
lot16,16,1,0.4266,0.5633635433028021,good,0.2821870990304687,bad,real_open_source,bf7c6d16fdcd7217
lot16,17,1,0.4122,0.5609264889683219,good,0.30015255852209627,bad,real_open_source,bf7c6d16fdcd7217
lot16,18,1,0.4266,0.5369693783733664,good,0.1732043668237182,bad,real_open_source,bf7c6d16fdcd7217
lot16,19,1,0.4266,0.5800708642526133,good,0.2574086226001706,bad,real_open_source,bf7c6d16fdcd7217
lot16,2,1,0.4356,0.5203043944794752,good,0.19734491967053944,bad,real_open_source,bf7c6d16fdcd7217
lot16,20,1,0.414,0.5594902145040639,good,0.14678898340731145,bad,real_open_source,bf7c6d16fdcd7217
lot16,21,1,0.4176,0.5816761653556062,good,0.29304112550875655,bad,real_open_source,bf7c6d16fdcd7217
lot16,22,1,0.4266,0.56640000597033,good,0.2054273552898485,bad,real_open_source,bf7c6d16fdcd7217
lot16,23,1,0.4266,0.5837537880853586,good,0.20873333425902976,bad,real_open_source,bf7c6d16fdcd7217
lot16,24,1,0.4266,0.5550711730656411,good,0.15975348151645108,bad,real_open_source,bf7c6d16fdcd7217
lot16,25,1,0.4302,0.5281317179346843,good,0.18049626808692412,bad,real_open_source,bf7c6d16fdcd7217
lot16,3,1,0.4176,0.5872449653589237,good,0.4275373561149336,bad,real_open_source,bf7c6d16fdcd7217
lot16,4,1,0.4176,0.5404621284166428,good,0.2250704496857448,bad,real_open_source,bf7c6d16fdcd7217
lot16,5,1,0.4176,0.5512050169374674,good,0.3184417214155551,bad,real_open_source,bf7c6d16fdcd7217
lot16,6,1,0.4356,0.5430516086185881,good,0.1900959246637213,bad,real_open_source,bf7c6d16fdcd7217
lot16,7,1,0.4356,0.5836360662998655,good,0.3899751157408966,bad,real_open_source,bf7c6d16fdcd7217
lot16,8,1,0.4320000000000001,0.6100596372286968,good,0.26816327309448496,bad,real_open_source,bf7c6d16fdcd7217
lot16,9,1,0.4176,0.5445524863889117,good,0.25300008306308625,bad,real_open_source,bf7c6d16fdcd7217
lot17,1,2,0.4176,0.4292937082948571,good,0.005031892274982281,good,real_open_source,bf7c6d16fdcd7217
lot17,10,2,0.423,0.42657342127833076,good,0.0,good,real_open_source,bf7c6d16fdcd7217
lot17,11,2,0.4176,0.43506366266618274,good,0.0,good,real_open_source,bf7c6d16fdcd7217
lot17,12,2,0.4176,0.43286053767686794,good,0.013795336787564767,good,real_open_source,bf7c6d16fdcd7217
lot17,13,2,0.405,0.43286091106669966,good,0.005195121951219512,good,real_open_source,bf7c6d16fdcd7217
lot17,14,2,0.4356,0.4270402625586187,good,0.005031892274982281,good,real_open_source,bf7c6d16fdcd7217
lot17,15,2,0.4176,0.4333178012077081,good,0.013795336787564767,good,real_open_source,bf7c6d16fdcd7217
lot17,16,2,0.4176,0.42916242321885645,good,0.0,good,real_open_source,bf7c6d16fdcd7217
lot17,17,2,0.4266,0.43297806687665935,good,0.0,good,real_open_source,bf7c6d16fdcd7217
lot17,18,2,0.414,0.4278772190215946,good,0.0,good,real_open_source,bf7c6d16fdcd7217
lot17,19,2,0.4086,0.4283031476178093,good,0.0,good,real_open_source,bf7c6d16fdcd7217
lot17,2,2,0.423,0.42538535219475626,good,0.009196891191709845,good,real_open_source,bf7c6d16fdcd7217
lot17,20,2,0.4356,0.4243213693854009,good,0.0,good,real_open_source,bf7c6d16fdcd7217
lot17,21,2,0.4176,0.4309797046513031,good,0.04187747117807498,good,real_open_source,bf7c6d16fdcd7217
lot17,22,2,0.4212,0.4256719729541687,good,0.008018484131500395,good,real_open_source,bf7c6d16fdcd7217
lot17,23,2,0.4176,0.4298132592759812,good,0.003031596925704526,good,real_open_source,bf7c6d16fdcd7217
lot17,24,2,0.423,0.4240675531518179,good,0.0,good,real_open_source,bf7c6d16fdcd7217
lot17,25,2,0.3906,0.4364839121651899,good,0.0,good,real_open_source,bf7c6d16fdcd7217
lot17,3,2,0.414,0.4400161920784831,good,0.005031892274982281,good,real_open_source,bf7c6d16fdcd7217
lot17,4,2,0.414,0.4311332858322787,good,0.023674555905174987,good,real_open_source,bf7c6d16fdcd7217
lot17,5,2,0.414,0.43546555610060556,good,0.0,good,real_open_source,bf7c6d16fdcd7217
lot17,6,2,0.414,0.4282644573516067,good,0.0,good,real_open_source,bf7c6d16fdcd7217
lot17,7,2,0.4086,0.43401351944656913,good,0.005195121951219512,good,real_open_source,bf7c6d16fdcd7217
lot17,8,2,0.4266,0.4313888142933163,good,0.0,good,real_open_source,bf7c6d16fdcd7217
lot17,9,2,0.4086,0.43233796321082596,good,0.009477053016835225,good,real_open_source,bf7c6d16fdcd7217
lot18,1,1,0.4176,0.4198214425169645,good,0.0,good,real_open_source,bf7c6d16fdcd7217
lot18,10,1,0.4320000000000001,0.42016247296089865,good,0.005555555555555556,good,real_open_source,bf7c6d16fdcd7217
lot18,11,1,0.4446,0.41791443767513986,good,0.0,good,real_open_source,bf7c6d16fdcd7217
lot18,12,1,0.4446,0.4203178835127351,good,0.0,good,real_open_source,bf7c6d16fdcd7217
lot18,13,1,0.45,0.4230407758475908,good,0.0,good,real_open_source,bf7c6d16fdcd7217
lot18,14,1,0.4356,0.4236565243389051,good,0.005555555555555556,good,real_open_source,bf7c6d16fdcd7217
lot18,15,1,0.4446,0.4193583577321619,good,0.0,good,real_open_source,bf7c6d16fdcd7217
lot18,16,1,0.4536,0.4222302945171552,good,0.005555555555555556,good,real_open_source,bf7c6d16fdcd7217
lot18,17,1,0.4446,0.4170468735445592,good,0.0,good,real_open_source,bf7c6d16fdcd7217
lot18,18,1,0.45,0.41947122078611226,good,0.0,good,real_open_source,bf7c6d16fdcd7217
lot18,19,1,0.4536,0.4214442231934521,good,0.0,good,real_open_source,bf7c6d16fdcd7217
lot18,2,1,0.4086,0.42615456382742667,good,0.004547404547404548,good,real_open_source,bf7c6d16fdcd7217
lot18,20,1,0.4446,0.4199532469771201,good,0.0,good,real_open_source,bf7c6d16fdcd7217
lot18,21,1,0.441,0.41944964131298057,good,0.0,good,real_open_source,bf7c6d16fdcd7217
lot18,22,1,0.4572,0.4210578643458786,good,0.010819366852886406,good,real_open_source,bf7c6d16fdcd7217
lot18,23,1,0.441,0.4202664822512723,good,0.0,good,real_open_source,bf7c6d16fdcd7217
lot18,24,1,0.4482,0.4189263787715356,good,0.004547404547404548,good,real_open_source,bf7c6d16fdcd7217
lot18,25,1,0.4356,0.41839181158230254,good,0.014358620392139946,good,real_open_source,bf7c6d16fdcd7217
lot18,3,1,0.423,0.41905738620226535,good,0.0,good,real_open_source,bf7c6d16fdcd7217
lot18,4,1,0.4356,0.4259838602887298,good,0.005555555555555556,good,real_open_source,bf7c6d16fdcd7217
lot18,5,1,0.4176,0.42113479241037155,good,0.0,good,real_open_source,bf7c6d16fdcd7217
lot18,6,1,0.4392,0.42532317062826286,good,0.0,good,real_open_source,bf7c6d16fdcd7217
lot18,7,1,0.4446,0.42245133806717866,good,0.0,good,real_open_source,bf7c6d16fdcd7217
lot18,8,1,0.4356,0.42527850987905713,good,0.0,good,real_open_source,bf7c6d16fdcd7217
lot18,9,1,0.45,0.41798074351742265,good,0.0,good,real_open_source,bf7c6d16fdcd7217
lot19,1,2,0.396,0.4208125730918181,good,0.010154001151410479,good,real_open_source,bf7c6d16fdcd7217
lot19,10,2,0.4302,0.42829306737528633,good,0.0,good,real_open_source,bf7c6d16fdcd7217
lot19,11,2,0.387,0.42273170691846296,good,0.0,good,real_open_source,bf7c6d16fdcd7217
lot19,12,2,0.4176,0.42887806503942477,good,0.0,good,real_open_source,bf7c6d16fdcd7217
lot19,13,2,0.4176,0.42121638099441455,good,0.0,good,real_open_source,bf7c6d16fdcd7217
lot19,14,2,0.3779999999999999,0.43076452086335537,good,0.0,good,real_open_source,bf7c6d16fdcd7217
lot19,15,2,0.396,0.42413445688065177,good,0.005031892274982281,good,real_open_source,bf7c6d16fdcd7217
lot19,16,2,0.405,0.43097220243443607,good,0.0,good,real_open_source,bf7c6d16fdcd7217
lot19,17,2,0.3726,0.47295833196961073,good,0.0,good,real_open_source,bf7c6d16fdcd7217
lot19,18,2,0.3996,0.4310532990669088,good,0.08219333708452282,bad,real_open_source,bf7c6d16fdcd7217
lot19,19,2,0.3996,0.4247250643794749,good,0.0,good,real_open_source,bf7c6d16fdcd7217
lot19,2,2,0.423,0.4240743243945906,good,0.014392013142929356,good,real_open_source,bf7c6d16fdcd7217
lot19,20,2,0.3779999999999999,0.4303643511531929,good,0.027559321698300183,good,real_open_source,bf7c6d16fdcd7217
lot19,21,2,0.387,0.42235485673592443,good,0.0,good,real_open_source,bf7c6d16fdcd7217
lot19,22,2,0.4086,0.43005757882979945,good,0.01580345967429235,good,real_open_source,bf7c6d16fdcd7217
lot19,23,2,0.36,0.4272551282126807,good,0.0,good,real_open_source,bf7c6d16fdcd7217
lot19,24,2,0.3996,0.4272575906402331,good,0.00852109752955658,good,real_open_source,bf7c6d16fdcd7217
lot19,25,2,0.3906,0.44793606373989825,good,0.0,good,real_open_source,bf7c6d16fdcd7217
lot19,3,2,0.3996,0.4208445558286679,good,0.0,good,real_open_source,bf7c6d16fdcd7217
lot19,4,2,0.4302,0.4276159531207079,good,0.02649277550924325,good,real_open_source,bf7c6d16fdcd7217
lot19,5,2,0.387,0.4259012075913647,good,0.0,good,real_open_source,bf7c6d16fdcd7217
lot19,6,2,0.4122,0.4251023667119395,good,0.014662230145819485,good,real_open_source,bf7c6d16fdcd7217
lot19,7,2,0.4176,0.42037338263156326,good,0.0,good,real_open_source,bf7c6d16fdcd7217
lot19,8,2,0.3906,0.43349468497207155,good,0.0036541430777148744,good,real_open_source,bf7c6d16fdcd7217
lot19,9,2,0.405,0.42386850544408416,good,0.0,good,real_open_source,bf7c6d16fdcd7217
lot2,1,4,1.0278,0.45087124835000414,bad,0.032929394917846626,good,real_open_source,bf7c6d16fdcd7217
lot2,10,4,0.405,0.44513319444308996,good,0.03642890265541933,good,real_open_source,bf7c6d16fdcd7217
lot2,11,4,0.396,0.45230945441557835,good,0.004628431795314072,good,real_open_source,bf7c6d16fdcd7217
lot2,12,4,0.396,0.44549462500151227,good,0.024292220527438513,good,real_open_source,bf7c6d16fdcd7217
lot2,13,4,0.3996,0.45074913238710745,good,0.009256863590628144,good,real_open_source,bf7c6d16fdcd7217
lot2,14,4,0.405,0.443931490726173,good,0.02397801058282515,good,real_open_source,bf7c6d16fdcd7217
lot2,15,4,0.3906,0.4467026336655623,good,0.00396649421039665,good,real_open_source,bf7c6d16fdcd7217
lot2,16,4,0.4086,0.45104905905787007,good,0.042163177370178856,good,real_open_source,bf7c6d16fdcd7217
lot2,17,4,0.999,0.46171662488015935,bad,0.005555555555555556,good,real_open_source,bf7c6d16fdcd7217
lot2,18,4,0.405,0.4416864402820524,good,0.005555555555555556,good,real_open_source,bf7c6d16fdcd7217
lot2,19,4,0.396,0.4548837450221066,good,0.0,good,real_open_source,bf7c6d16fdcd7217
lot2,2,4,0.3906,0.44644533923945084,good,0.06431745276034316,good,real_open_source,bf7c6d16fdcd7217
lot2,20,4,0.4086,0.45282257153227123,good,0.12587975613743607,bad,real_open_source,bf7c6d16fdcd7217
lot2,21,4,0.387,0.4495725476282238,good,0.004628431795314072,good,real_open_source,bf7c6d16fdcd7217
lot2,22,4,0.3996,0.44793770182823023,good,0.0182731500067803,good,real_open_source,bf7c6d16fdcd7217
lot2,23,4,0.396,0.45892588692692204,good,0.00798345070639019,good,real_open_source,bf7c6d16fdcd7217
lot2,24,4,0.396,0.4400233367727779,good,0.013140816336044796,good,real_open_source,bf7c6d16fdcd7217
lot2,25,4,1.017,0.45809215670949155,bad,0.004628431795314072,good,real_open_source,bf7c6d16fdcd7217
lot2,3,4,0.3906,0.4481210963079594,good,0.01203248638176684,good,real_open_source,bf7c6d16fdcd7217
lot2,4,4,0.405,0.43518062050165307,good,0.06609604431932053,good,real_open_source,bf7c6d16fdcd7217
lot2,5,4,0.405,0.44742206846229515,good,0.013268278538609093,good,real_open_source,bf7c6d16fdcd7217
lot2,6,4,0.405,0.4320604084168924,good,0.018852546126717724,good,real_open_source,bf7c6d16fdcd7217
lot2,7,4,0.3996,0.4470429793368191,good,0.014195402298850576,good,real_open_source,bf7c6d16fdcd7217
lot2,8,4,0.4086,0.4566823400504547,good,0.02598587298983384,good,real_open_source,bf7c6d16fdcd7217
lot2,9,4,0.3906,0.4474976201596895,good,0.004628431795314072,good,real_open_source,bf7c6d16fdcd7217
lot24,1,4,0.396,0.4426401557095021,good,0.018703981086962456,good,real_open_source,bf7c6d16fdcd7217
lot24,10,4,0.3996,0.453634892933176,good,0.004628431795314072,good,real_open_source,bf7c6d16fdcd7217
lot24,11,4,0.3906,0.43975288496837295,good,0.005290614089135346,good,real_open_source,bf7c6d16fdcd7217
lot24,12,4,0.3779999999999999,0.44853437911179767,good,0.0,good,real_open_source,bf7c6d16fdcd7217
lot24,13,4,0.3816,0.4430774517334012,good,0.0,good,real_open_source,bf7c6d16fdcd7217
lot24,14,4,0.3779999999999999,0.45593056824650063,good,0.0,good,real_open_source,bf7c6d16fdcd7217
lot24,15,4,0.36,0.43744997570239674,good,0.0,good,real_open_source,bf7c6d16fdcd7217
lot24,16,4,0.3996,0.4571494614350748,good,0.014728016206825087,good,real_open_source,bf7c6d16fdcd7217
lot24,17,4,0.3816,0.43705818925318396,good,0.0,good,real_open_source,bf7c6d16fdcd7217
lot24,18,4,0.3779999999999999,0.44864793663933766,good,0.0,good,real_open_source,bf7c6d16fdcd7217
lot24,19,4,0.3906,0.4358778290140409,good,0.00396649421039665,good,real_open_source,bf7c6d16fdcd7217
lot24,2,4,0.3906,0.4439029782771362,good,0.0,good,real_open_source,bf7c6d16fdcd7217
lot24,20,4,0.3906,0.44664969266794763,good,0.0,good,real_open_source,bf7c6d16fdcd7217
lot24,21,4,0.3726,0.43881146397825355,good,0.0,good,real_open_source,bf7c6d16fdcd7217
lot24,22,4,0.405,0.44423521154650675,good,0.010183987350869627,good,real_open_source,bf7c6d16fdcd7217
lot24,23,4,0.387,0.4366233504782195,good,0.005049792205755508,good,real_open_source,bf7c6d16fdcd7217
lot24,24,4,0.387,0.4514974296523152,good,0.0,good,real_open_source,bf7c6d16fdcd7217
lot24,25,4,0.396,0.4424184025785176,good,0.009256863590628144,good,real_open_source,bf7c6d16fdcd7217
lot24,3,4,0.3779999999999999,0.43747841067078985,good,0.0,good,real_open_source,bf7c6d16fdcd7217
lot24,4,4,0.387,0.44183030032743825,good,0.0,good,real_open_source,bf7c6d16fdcd7217
lot24,5,4,0.3726,0.43913688785765104,good,0.0,good,real_open_source,bf7c6d16fdcd7217
lot24,6,4,0.3726,0.44896770996187557,good,0.0,good,real_open_source,bf7c6d16fdcd7217
lot24,7,4,0.3906,0.43534283980050076,good,0.0,good,real_open_source,bf7c6d16fdcd7217
lot24,8,4,0.3906,0.4538176618302853,good,0.0,good,real_open_source,bf7c6d16fdcd7217
lot24,9,4,0.3816,0.43133810383531535,good,0.0,good,real_open_source,bf7c6d16fdcd7217
lot29,1,3,0.4086,0.4787266849627342,good,0.29808488932369814,bad,real_open_source,bf7c6d16fdcd7217
lot29,10,3,0.4266,0.44072907375193426,good,0.06336383269571366,good,real_open_source,bf7c6d16fdcd7217
lot29,11,3,0.3996,0.46647526378169857,good,0.19938404843890292,bad,real_open_source,bf7c6d16fdcd7217
lot29,12,3,0.414,0.43698799956044787,good,0.06413354442282107,good,real_open_source,bf7c6d16fdcd7217
lot29,13,3,0.4086,0.4393377062770122,good,0.05317933883073074,good,real_open_source,bf7c6d16fdcd7217
lot29,14,3,0.414,0.455719928341733,good,0.11922418866329683,bad,real_open_source,bf7c6d16fdcd7217
lot29,15,3,0.4086,0.4739288002861518,good,0.03548810473322302,good,real_open_source,bf7c6d16fdcd7217
lot29,16,3,0.4320000000000001,0.4445708547421885,good,0.05138532567440086,good,real_open_source,bf7c6d16fdcd7217
lot29,17,3,0.396,0.47875646787801635,good,0.3027539721180773,bad,real_open_source,bf7c6d16fdcd7217
lot29,18,3,0.423,0.43465810413932193,good,0.03010089040018632,good,real_open_source,bf7c6d16fdcd7217
lot29,19,3,0.4176,0.4355147581387972,good,0.014425693680992715,good,real_open_source,bf7c6d16fdcd7217
lot29,2,3,0.414,0.46389983041736654,good,0.13195525907981215,bad,real_open_source,bf7c6d16fdcd7217
lot29,20,3,0.414,0.4504565758543427,good,0.03877754044358338,good,real_open_source,bf7c6d16fdcd7217
lot29,21,3,0.4176,0.47815516599409347,good,0.14520176964962836,bad,real_open_source,bf7c6d16fdcd7217
lot29,22,3,0.4266,0.43585635576480325,good,0.030275573979542218,good,real_open_source,bf7c6d16fdcd7217
lot29,23,3,0.423,0.45932038596178876,good,0.08263251801219897,bad,real_open_source,bf7c6d16fdcd7217
lot29,24,3,0.4356,0.4498788943288099,good,0.19755452818804392,bad,real_open_source,bf7c6d16fdcd7217
lot29,25,3,0.4446,0.5642300177864306,good,0.1811107947899157,bad,real_open_source,bf7c6d16fdcd7217
lot29,3,3,0.396,0.4623185911266039,good,0.12627332244702533,bad,real_open_source,bf7c6d16fdcd7217
lot29,4,3,0.4320000000000001,0.44192482180309056,good,0.08128875677141342,bad,real_open_source,bf7c6d16fdcd7217
lot29,5,3,0.405,0.435881838256531,good,0.0711309085479525,good,real_open_source,bf7c6d16fdcd7217
lot29,6,3,0.414,0.43795988674371034,good,0.016897288041889526,good,real_open_source,bf7c6d16fdcd7217
lot29,7,3,0.4086,0.4476415212365512,good,0.15510546030358677,bad,real_open_source,bf7c6d16fdcd7217
lot29,8,3,0.423,0.4251857634629146,good,0.05397816863849306,good,real_open_source,bf7c6d16fdcd7217
lot29,9,3,0.396,0.47346176136095774,good,0.14986060432147616,bad,real_open_source,bf7c6d16fdcd7217
lot3,10,2,0.4338,0.5017571952466447,good,0.03257654992405777,good,real_open_source,bf7c6d16fdcd7217
lot3,11,2,1.0098,0.5326347425733053,bad,0.06006964602914186,good,real_open_source,bf7c6d16fdcd7217
lot3,12,2,1.836,0.46297755208042524,bad,0.0,good,real_open_source,bf7c6d16fdcd7217
lot3,13,2,1.0296,0.5573473767083346,bad,0.19863329748033728,bad,real_open_source,bf7c6d16fdcd7217
lot3,14,2,0.4266,0.4873098197236473,good,0.02400863233481321,good,real_open_source,bf7c6d16fdcd7217
lot3,15,2,1.8342,0.5635974778438811,bad,0.18597365417321043,bad,real_open_source,bf7c6d16fdcd7217
lot3,16,2,1.8216,0.4565121487688838,bad,0.03414230840490719,good,real_open_source,bf7c6d16fdcd7217
lot3,17,2,0.9954,0.46649624754391383,bad,0.06768815276887788,good,real_open_source,bf7c6d16fdcd7217
lot3,18,2,1.8072,0.45965790647854465,bad,0.014811741143103367,good,real_open_source,bf7c6d16fdcd7217
lot3,19,2,0.99,0.5307335133113953,bad,0.20499403122288037,bad,real_open_source,bf7c6d16fdcd7217
lot3,2,2,0.4176,0.45727505876947583,good,0.11680501441909974,bad,real_open_source,bf7c6d16fdcd7217
lot3,20,2,0.4266,0.440572133249144,good,0.00998162534623402,good,real_open_source,bf7c6d16fdcd7217
lot3,21,2,1.0008,0.5572581222864115,bad,0.10215287883085689,bad,real_open_source,bf7c6d16fdcd7217
lot3,22,2,0.4788,0.4405601135013284,good,0.005555555555555556,good,real_open_source,bf7c6d16fdcd7217
lot3,23,2,0.4176,0.5582592165113446,good,0.26574760989747254,bad,real_open_source,bf7c6d16fdcd7217
lot3,24,2,1.8,0.4564676493761586,bad,0.06064958431507138,good,real_open_source,bf7c6d16fdcd7217
lot3,25,2,1.8612,0.4980658977158233,bad,0.16653288431327468,bad,real_open_source,bf7c6d16fdcd7217
lot3,3,2,1.8666,0.46744263647485296,bad,0.07065509113794631,good,real_open_source,bf7c6d16fdcd7217
lot3,4,2,1.8648,0.445301164375846,bad,0.054765670765545366,good,real_open_source,bf7c6d16fdcd7217
lot3,5,2,1.9026,0.4698855701129865,bad,0.010063784549964564,good,real_open_source,bf7c6d16fdcd7217
lot3,6,2,0.9846,0.4629825698053155,bad,0.16289420189072887,bad,real_open_source,bf7c6d16fdcd7217
lot3,7,2,1.8846,0.4905336991026674,bad,0.004598445595854922,good,real_open_source,bf7c6d16fdcd7217
lot3,8,2,1.5624,0.46201875421662864,bad,0.06116214830098742,good,real_open_source,bf7c6d16fdcd7217
lot3,9,2,1.899,0.5110250061363227,bad,0.004598445595854922,good,real_open_source,bf7c6d16fdcd7217
lot31,1,5,0.414,0.4447737361343648,good,0.0,good,real_open_source,bf7c6d16fdcd7217
lot31,10,5,0.396,0.4464083756075342,good,0.0,good,real_open_source,bf7c6d16fdcd7217
lot31,11,5,0.4302,0.4426842202237604,good,0.0,good,real_open_source,bf7c6d16fdcd7217
lot31,12,5,0.387,0.4438291522255716,good,0.0,good,real_open_source,bf7c6d16fdcd7217
lot31,13,5,0.4266,0.4443667928435061,good,0.0,good,real_open_source,bf7c6d16fdcd7217
lot31,14,5,0.387,0.4458291784317605,good,0.0,good,real_open_source,bf7c6d16fdcd7217
lot31,15,5,0.4086,0.4473202318276352,good,0.0,good,real_open_source,bf7c6d16fdcd7217
lot31,16,5,0.396,0.44480525694189854,good,0.0,good,real_open_source,bf7c6d16fdcd7217
lot31,17,5,0.4086,0.43530760059468293,good,0.0,good,real_open_source,bf7c6d16fdcd7217
lot31,18,5,0.3779999999999999,0.4457295036102517,good,0.0,good,real_open_source,bf7c6d16fdcd7217
lot31,19,5,0.423,0.43988935280697095,good,0.0,good,real_open_source,bf7c6d16fdcd7217
lot31,2,5,0.4086,0.4573547307529652,good,0.0,good,real_open_source,bf7c6d16fdcd7217
lot31,20,5,0.3816,0.4423539396032769,good,0.0,good,real_open_source,bf7c6d16fdcd7217
lot31,21,5,0.405,0.4382935439414997,good,0.0,good,real_open_source,bf7c6d16fdcd7217
lot31,23,5,0.405,0.437174218115404,good,0.0,good,real_open_source,bf7c6d16fdcd7217
lot31,24,5,0.369,0.44110906681583345,good,0.0,good,real_open_source,bf7c6d16fdcd7217
lot31,25,5,0.423,0.4438378477568904,good,0.0,good,real_open_source,bf7c6d16fdcd7217
lot31,3,5,0.4176,0.449537229004202,good,0.0,good,real_open_source,bf7c6d16fdcd7217
lot31,5,5,0.4266,0.44870483542923134,good,0.0,good,real_open_source,bf7c6d16fdcd7217
lot31,6,5,0.3996,0.45532003621807193,good,0.0,good,real_open_source,bf7c6d16fdcd7217
lot31,7,5,0.4320000000000001,0.4455074426655276,good,0.0,good,real_open_source,bf7c6d16fdcd7217
lot31,8,5,0.3906,0.4497857185113882,good,0.0,good,real_open_source,bf7c6d16fdcd7217
lot31,9,5,0.4086,0.4456136303821795,good,0.0,good,real_open_source,bf7c6d16fdcd7217
lot32,1,5,0.4176,0.48265107164252985,good,0.0,good,real_open_source,bf7c6d16fdcd7217
lot32,10,5,0.3996,0.48202972038992303,good,0.0,good,real_open_source,bf7c6d16fdcd7217
lot32,11,5,0.4176,0.47230092532312873,good,0.0,good,real_open_source,bf7c6d16fdcd7217
lot32,12,5,0.4086,0.4792376289168667,good,0.0,good,real_open_source,bf7c6d16fdcd7217
lot32,13,5,0.4086,0.47881373174302383,good,0.0,good,real_open_source,bf7c6d16fdcd7217
lot32,14,5,0.405,0.4711497398448614,good,0.0,good,real_open_source,bf7c6d16fdcd7217
lot32,15,5,0.981,0.4777158954918249,bad,0.0,good,real_open_source,bf7c6d16fdcd7217
lot32,16,5,0.387,0.4744018853456286,good,0.0,good,real_open_source,bf7c6d16fdcd7217
lot32,17,5,0.414,0.48091172901248397,good,0.0,good,real_open_source,bf7c6d16fdcd7217
lot32,18,5,0.396,0.4739200450718379,good,0.0,good,real_open_source,bf7c6d16fdcd7217
lot32,19,5,0.414,0.47800198429540564,good,0.0,good,real_open_source,bf7c6d16fdcd7217
lot32,2,5,0.423,0.47012832590639175,good,0.0,good,real_open_source,bf7c6d16fdcd7217
lot32,20,5,0.4086,0.47305052421756333,good,0.0,good,real_open_source,bf7c6d16fdcd7217
lot32,21,5,0.414,0.4769531330723546,good,0.0,good,real_open_source,bf7c6d16fdcd7217
lot32,22,5,0.3996,0.47496413761046596,good,0.0,good,real_open_source,bf7c6d16fdcd7217
lot32,23,5,0.4266,0.47333077612488206,good,0.0,good,real_open_source,bf7c6d16fdcd7217
lot32,24,5,0.405,0.47074888796761416,good,0.0,good,real_open_source,bf7c6d16fdcd7217
lot32,25,5,0.423,0.4890840393798563,good,0.0,good,real_open_source,bf7c6d16fdcd7217
lot32,3,5,0.414,0.48234172167070677,good,0.0,good,real_open_source,bf7c6d16fdcd7217
lot32,4,5,0.4176,0.4777407277121196,good,0.003640256959314775,good,real_open_source,bf7c6d16fdcd7217
lot32,5,5,0.4266,0.48451649498072014,good,0.0,good,real_open_source,bf7c6d16fdcd7217
lot32,6,5,0.4176,0.47063725181075,good,0.0,good,real_open_source,bf7c6d16fdcd7217
lot32,7,5,0.954,0.47809472356210136,bad,0.0,good,real_open_source,bf7c6d16fdcd7217
lot32,8,5,0.405,0.483072737772483,good,0.0,good,real_open_source,bf7c6d16fdcd7217
lot32,9,5,0.4176,0.4801184813418099,good,0.0,good,real_open_source,bf7c6d16fdcd7217
lot35,1,1,1.0908,1.0321390454152184,bad,0.4698770737063805,bad,real_open_source,bf7c6d16fdcd7217
lot35,10,1,1.89,0.9721724457068053,bad,0.6217898564909157,bad,real_open_source,bf7c6d16fdcd7217
lot35,11,1,0.4176,1.048022454331403,good,0.6622476640479403,bad,real_open_source,bf7c6d16fdcd7217
lot35,13,1,0.5058,0.9255734130572255,good,0.5888786252354866,bad,real_open_source,bf7c6d16fdcd7217
lot35,14,1,1.053,1.0872297192558817,bad,0.7716183930108973,bad,real_open_source,bf7c6d16fdcd7217
lot35,15,1,0.4302,1.0131585255813569,good,0.5926830813120976,bad,real_open_source,bf7c6d16fdcd7217
lot35,16,1,0.414,0.7372146422628508,good,0.7637035590168877,bad,real_open_source,bf7c6d16fdcd7217
lot35,17,1,0.3906,1.0280442121429256,good,0.7664010665478178,bad,real_open_source,bf7c6d16fdcd7217
lot35,18,1,0.4014,1.0053793556505242,good,0.6107023405888647,bad,real_open_source,bf7c6d16fdcd7217
lot35,19,1,1.0566,0.8482458979486593,bad,0.6594190010637859,bad,real_open_source,bf7c6d16fdcd7217
lot35,2,1,0.7236,1.0457171929157056,good,0.5913333266344594,bad,real_open_source,bf7c6d16fdcd7217
lot35,20,1,1.9458,1.0876898557082617,bad,0.7584162379108061,bad,real_open_source,bf7c6d16fdcd7217
lot35,21,1,1.0368,1.0494634101067561,bad,0.5756995134391284,bad,real_open_source,bf7c6d16fdcd7217
lot35,22,1,0.3852,1.0410496770440412,good,0.5037136857252649,bad,real_open_source,bf7c6d16fdcd7217
lot35,23,1,1.935,1.0408741436552023,bad,0.632725940640211,bad,real_open_source,bf7c6d16fdcd7217
lot35,24,1,0.3978,1.0072341789153612,good,0.5924947544947803,bad,real_open_source,bf7c6d16fdcd7217
lot35,25,1,0.3996,0.9546060293025216,good,0.4161609967431339,bad,real_open_source,bf7c6d16fdcd7217
lot35,4,1,1.3068,1.021213417232324,bad,0.2777743937345578,bad,real_open_source,bf7c6d16fdcd7217
lot35,7,1,1.1412,1.0715889603977558,bad,0.7496920865631961,bad,real_open_source,bf7c6d16fdcd7217
lot35,8,1,1.035,0.9584599105137914,bad,0.5913360501344147,bad,real_open_source,bf7c6d16fdcd7217
lot35,9,1,0.4842,1.045660082785461,good,0.7664533812888012,bad,real_open_source,bf7c6d16fdcd7217
lot37,19,3,0.4086,0.9693379799567515,good,0.4909810770364277,bad,real_open_source,bf7c6d16fdcd7217
lot37,20,3,0.4176,1.0046906509643105,good,0.6451429841287981,bad,real_open_source,bf7c6d16fdcd7217
lot37,21,3,0.396,0.8696571759046978,good,0.2850443564344638,bad,real_open_source,bf7c6d16fdcd7217
lot37,22,3,0.4176,1.0930102844321814,good,0.8713272243680795,bad,real_open_source,bf7c6d16fdcd7217
lot37,23,3,0.396,0.9296204221166678,good,0.6596018644321209,bad,real_open_source,bf7c6d16fdcd7217
lot37,24,3,0.4176,1.0291954527381786,good,0.7140283543023677,bad,real_open_source,bf7c6d16fdcd7217
lot37,25,3,0.4176,1.002046259554638,good,0.6627178415706345,bad,real_open_source,bf7c6d16fdcd7217
lot4,1,4,0.495,0.4412382152519019,good,0.032589276472904674,good,real_open_source,bf7c6d16fdcd7217
lot4,10,4,0.5076,0.4661974875995126,good,0.0,good,real_open_source,bf7c6d16fdcd7217
lot4,11,4,0.4896,0.4532913954358262,good,0.009678224001069581,good,real_open_source,bf7c6d16fdcd7217
lot4,12,4,0.4986,0.4641176131512502,good,0.0,good,real_open_source,bf7c6d16fdcd7217
lot4,13,4,0.5202,0.44620217536605694,good,0.01851372718125629,good,real_open_source,bf7c6d16fdcd7217
lot4,14,4,0.4806,0.4801447024342325,good,0.0,good,real_open_source,bf7c6d16fdcd7217
lot4,15,4,0.4896,0.46054900342433497,good,0.010099584411511016,good,real_open_source,bf7c6d16fdcd7217
lot4,16,4,0.5256,0.46695983490016363,good,0.003470201530337321,good,real_open_source,bf7c6d16fdcd7217
lot4,17,4,0.4806,0.45765121875951403,good,0.009836259710565566,good,real_open_source,bf7c6d16fdcd7217
lot4,18,4,0.4986,0.46900083438409645,good,0.01500064986052167,good,real_open_source,bf7c6d16fdcd7217
lot4,19,4,0.4806,0.44924462119754416,good,0.004628431795314072,good,real_open_source,bf7c6d16fdcd7217
lot4,2,4,0.477,0.4515234256731765,good,0.0,good,real_open_source,bf7c6d16fdcd7217
lot4,20,4,0.486,0.4840538659391065,good,0.004901065449010654,good,real_open_source,bf7c6d16fdcd7217
lot4,21,4,0.495,0.4426785626354541,good,0.018786360834952873,good,real_open_source,bf7c6d16fdcd7217
lot4,22,4,0.5076,0.46970951456039894,good,0.010099584411511016,good,real_open_source,bf7c6d16fdcd7217
lot4,23,4,0.486,0.4500554344709511,good,0.0,good,real_open_source,bf7c6d16fdcd7217
lot4,24,4,0.513,0.45937713676182645,good,0.0,good,real_open_source,bf7c6d16fdcd7217
lot4,25,4,0.495,0.4705154066321784,good,0.014075549291648384,good,real_open_source,bf7c6d16fdcd7217
lot4,3,4,0.513,0.46063376126461053,good,0.004628431795314072,good,real_open_source,bf7c6d16fdcd7217
lot4,4,4,0.513,0.46075037865653146,good,0.0,good,real_open_source,bf7c6d16fdcd7217
lot4,5,4,0.4662,0.44628315616529296,good,0.0,good,real_open_source,bf7c6d16fdcd7217
lot4,6,4,0.504,0.4855377262950296,good,0.0,good,real_open_source,bf7c6d16fdcd7217
lot4,8,4,0.4986,0.4754838584477089,good,0.0,good,real_open_source,bf7c6d16fdcd7217
lot4,9,4,0.4932,0.47551846034171064,good,0.014812419146183699,good,real_open_source,bf7c6d16fdcd7217
lot40,1,5,0.405,0.7344939625256526,good,0.46054964849969726,bad,real_open_source,bf7c6d16fdcd7217
lot40,10,5,0.387,0.780968196880599,good,0.6523743304138613,bad,real_open_source,bf7c6d16fdcd7217
lot40,11,5,0.405,0.795341030913426,good,0.700670673479349,bad,real_open_source,bf7c6d16fdcd7217
lot40,12,5,0.3779999999999999,0.8177846546730116,good,0.688784821767084,bad,real_open_source,bf7c6d16fdcd7217
lot40,13,5,0.405,0.8074918658874533,good,0.7457185863336523,bad,real_open_source,bf7c6d16fdcd7217
lot40,14,5,0.3888,0.7201776404281977,good,0.5020391921498873,bad,real_open_source,bf7c6d16fdcd7217
lot40,15,5,1.026,0.7979075451249946,bad,0.7016920400705964,bad,real_open_source,bf7c6d16fdcd7217
lot40,16,5,0.3816,0.7109084151666276,good,0.5975502947905917,bad,real_open_source,bf7c6d16fdcd7217
lot40,17,5,0.396,0.7502898618216902,good,0.6861343390646749,bad,real_open_source,bf7c6d16fdcd7217
lot40,18,5,0.3779999999999999,0.687193485988585,good,0.5821207323724977,bad,real_open_source,bf7c6d16fdcd7217
lot40,19,5,0.396,0.7075086463186405,good,0.7917822075144895,bad,real_open_source,bf7c6d16fdcd7217
lot40,2,5,0.3996,0.8494375281971953,good,0.7728918638107009,bad,real_open_source,bf7c6d16fdcd7217
lot40,20,5,0.9882,0.689921356665184,bad,0.47011235838987087,bad,real_open_source,bf7c6d16fdcd7217
lot40,21,5,0.3906,0.6427230361055147,good,0.598556033190678,bad,real_open_source,bf7c6d16fdcd7217
lot40,22,5,0.3779999999999999,0.6585737782234024,good,0.48773689257566694,bad,real_open_source,bf7c6d16fdcd7217
lot40,23,5,0.3906,0.7235917391964141,good,0.6638009955558406,bad,real_open_source,bf7c6d16fdcd7217
lot40,24,5,0.3636,0.6988031697198755,good,0.6223895241635612,bad,real_open_source,bf7c6d16fdcd7217
lot40,25,5,0.387,0.6808925286160189,good,0.680729332791454,bad,real_open_source,bf7c6d16fdcd7217
lot40,3,5,0.405,0.8075345859200387,good,0.7247394564610726,bad,real_open_source,bf7c6d16fdcd7217
lot40,4,5,0.4212,0.8039269489780797,good,0.613273594880722,bad,real_open_source,bf7c6d16fdcd7217
lot40,5,5,0.4176,0.8571439710100386,good,0.7126608057703143,bad,real_open_source,bf7c6d16fdcd7217
lot40,6,5,0.9882,0.8388272656114435,bad,0.7136843178623844,bad,real_open_source,bf7c6d16fdcd7217
lot40,7,5,0.414,0.8564872506666422,good,0.7928159171586131,bad,real_open_source,bf7c6d16fdcd7217
lot40,8,5,0.3906,0.7826166386146552,good,0.6612950389016634,bad,real_open_source,bf7c6d16fdcd7217
lot40,9,5,1.008,0.7377808677109065,bad,0.6830755153186968,bad,real_open_source,bf7c6d16fdcd7217
lot47,1,1,0.4536,0.43465491763157205,good,0.023264618430941394,good,real_open_source,bf7c6d16fdcd7217
lot47,10,1,0.414,0.4447548338477428,good,0.0,good,real_open_source,bf7c6d16fdcd7217
lot47,11,1,0.4626,0.4508947810811911,good,0.0,good,real_open_source,bf7c6d16fdcd7217
lot47,12,1,0.423,0.434286962247535,good,0.0,good,real_open_source,bf7c6d16fdcd7217
lot47,14,1,0.4446,0.445313188737119,good,0.01389321603590563,good,real_open_source,bf7c6d16fdcd7217
lot47,15,1,0.4266,0.43731690954585456,good,0.005555555555555556,good,real_open_source,bf7c6d16fdcd7217
lot47,16,1,0.4320000000000001,0.47010664959282733,good,0.0,good,real_open_source,bf7c6d16fdcd7217
lot47,17,1,0.4356,0.44417251256537327,good,0.0,good,real_open_source,bf7c6d16fdcd7217
lot47,18,1,0.441,0.4477721342355497,good,0.008337660480350076,good,real_open_source,bf7c6d16fdcd7217
lot47,19,1,0.423,0.44668747891406346,good,0.0,good,real_open_source,bf7c6d16fdcd7217
lot47,2,1,0.414,0.43655012289110934,good,0.011836480956877556,good,real_open_source,bf7c6d16fdcd7217
lot47,20,1,0.423,0.45357254426083016,good,0.003336480956877558,good,real_open_source,bf7c6d16fdcd7217
lot47,21,1,0.4266,0.4453490057799202,good,0.008337660480350076,good,real_open_source,bf7c6d16fdcd7217
lot47,22,1,0.423,0.45803451282784485,good,0.032025546674047,good,real_open_source,bf7c6d16fdcd7217
lot47,23,1,0.4086,0.4418420776816721,good,0.0,good,real_open_source,bf7c6d16fdcd7217
lot47,24,1,0.4122,0.4458440111855273,good,0.0,good,real_open_source,bf7c6d16fdcd7217
lot47,25,1,0.3996,0.43923907571155585,good,0.0,good,real_open_source,bf7c6d16fdcd7217
lot47,3,1,0.4679999999999999,0.4408594899299482,good,0.005555555555555556,good,real_open_source,bf7c6d16fdcd7217
lot47,4,1,0.4266,0.44599253099664093,good,0.014055555555555554,good,real_open_source,bf7c6d16fdcd7217
lot47,5,1,0.4679999999999999,0.4464065408857261,good,0.010320862349930411,good,real_open_source,bf7c6d16fdcd7217
lot47,6,1,0.4176,0.4396495686781077,good,0.004547404547404548,good,real_open_source,bf7c6d16fdcd7217
lot47,7,1,0.4626,0.44620851262249694,good,0.0,good,real_open_source,bf7c6d16fdcd7217
lot47,8,1,0.4266,0.43886808068398925,good,0.0,good,real_open_source,bf7c6d16fdcd7217
lot47,9,1,0.4589999999999999,0.45450883032369105,good,0.0,good,real_open_source,bf7c6d16fdcd7217
lot49,1,5,0.3996,0.6239831485405808,good,0.4476973521644151,bad,real_open_source,bf7c6d16fdcd7217
lot49,10,5,0.3816,0.6543966086733517,good,0.6885330867660976,bad,real_open_source,bf7c6d16fdcd7217
lot49,11,5,0.405,0.6527110107516649,good,0.5433694769227586,bad,real_open_source,bf7c6d16fdcd7217
lot49,12,5,0.3726,0.6649815398081277,good,0.6345760290497471,bad,real_open_source,bf7c6d16fdcd7217
lot49,13,5,0.5670000000000001,0.6592990876534053,good,0.7732486115268633,bad,real_open_source,bf7c6d16fdcd7217
lot49,14,5,0.369,0.713994481354669,good,0.7944878037585195,bad,real_open_source,bf7c6d16fdcd7217
lot49,15,5,0.3996,0.6526869705041937,good,0.5970988740823951,bad,real_open_source,bf7c6d16fdcd7217
lot49,16,5,0.3779999999999999,0.6972439664888044,good,0.6694780631086449,bad,real_open_source,bf7c6d16fdcd7217
lot49,17,5,0.4086,0.6960646292095916,good,0.7945896122721104,bad,real_open_source,bf7c6d16fdcd7217
lot49,18,5,0.3636,0.6772442935785449,good,0.724683688784198,bad,real_open_source,bf7c6d16fdcd7217
lot49,19,5,0.4032,0.6774919822659805,good,0.6746754661662837,bad,real_open_source,bf7c6d16fdcd7217
lot49,2,5,0.3779999999999999,0.6700982833304384,good,0.5846836560829775,bad,real_open_source,bf7c6d16fdcd7217
lot49,20,5,0.3636,0.6911985247695018,good,0.6824642691502132,bad,real_open_source,bf7c6d16fdcd7217
lot49,21,5,0.3906,0.6689962996862124,good,0.6996220331911923,bad,real_open_source,bf7c6d16fdcd7217
lot49,22,5,0.369,0.684163075861506,good,0.6773635877042878,bad,real_open_source,bf7c6d16fdcd7217
lot49,23,5,0.3906,0.7091540096288151,good,0.7659979866338882,bad,real_open_source,bf7c6d16fdcd7217
lot49,24,5,0.36,0.7006886171949327,good,0.8651171002911919,bad,real_open_source,bf7c6d16fdcd7217
lot49,25,5,1.8666,0.6654275648223701,bad,0.5238166829500377,bad,real_open_source,bf7c6d16fdcd7217
lot49,3,5,0.396,0.6812144134417251,good,0.6153789230542173,bad,real_open_source,bf7c6d16fdcd7217
lot49,4,5,0.387,0.6581590793445089,good,0.6150939767115408,bad,real_open_source,bf7c6d16fdcd7217
lot49,5,5,0.423,0.7183639285992005,good,0.6678352612424554,bad,real_open_source,bf7c6d16fdcd7217
lot49,6,5,0.3779999999999999,0.6906927003790816,good,0.4416409052200806,bad,real_open_source,bf7c6d16fdcd7217
lot49,7,5,0.414,0.6372243158152735,good,0.36395680373632444,bad,real_open_source,bf7c6d16fdcd7217
lot49,8,5,0.3779999999999999,0.7353067606228187,good,0.6722013217219066,bad,real_open_source,bf7c6d16fdcd7217
lot49,9,5,0.396,0.6805963753693784,good,0.743952009715745,bad,real_open_source,bf7c6d16fdcd7217
lot5,1,2,0.4266,0.4614248958422131,good,0.004598445595854922,good,real_open_source,bf7c6d16fdcd7217
lot5,10,2,0.4068,0.4312852159948047,good,0.009196891191709845,good,real_open_source,bf7c6d16fdcd7217
lot5,11,2,0.4086,0.4356497357280027,good,0.0,good,real_open_source,bf7c6d16fdcd7217
lot5,12,2,0.3779999999999999,0.4316821371043109,good,0.0,good,real_open_source,bf7c6d16fdcd7217
lot5,13,2,0.414,0.4387953593122059,good,0.0,good,real_open_source,bf7c6d16fdcd7217
lot5,14,2,0.3996,0.43199346298236746,good,0.0,good,real_open_source,bf7c6d16fdcd7217
lot5,15,2,0.3906,0.4281953489238707,good,0.004598445595854922,good,real_open_source,bf7c6d16fdcd7217
lot5,16,2,0.405,0.4290015395937397,good,0.0,good,real_open_source,bf7c6d16fdcd7217
lot5,17,2,0.405,0.43583954178074447,good,0.003031596925704526,good,real_open_source,bf7c6d16fdcd7217
lot5,18,2,0.387,0.4290318640910281,good,0.003031596925704526,good,real_open_source,bf7c6d16fdcd7217
lot5,19,2,0.414,0.43451605792993736,good,0.0,good,real_open_source,bf7c6d16fdcd7217
lot5,2,2,0.3906,0.42474339296611247,good,0.022680714277319883,good,real_open_source,bf7c6d16fdcd7217
lot5,20,2,0.405,0.42699426010214553,good,0.003922651933701657,good,real_open_source,bf7c6d16fdcd7217
lot5,21,2,0.3906,0.43042397664723264,good,0.0,good,real_open_source,bf7c6d16fdcd7217
lot5,22,2,0.414,0.4288344371834419,good,0.0,good,real_open_source,bf7c6d16fdcd7217
lot5,23,2,0.405,0.43212539885257256,good,0.008018484131500395,good,real_open_source,bf7c6d16fdcd7217
lot5,24,2,0.3906,0.4272407065450592,good,0.0,good,real_open_source,bf7c6d16fdcd7217
lot5,25,2,0.4320000000000001,0.43593725037727893,good,0.0,good,real_open_source,bf7c6d16fdcd7217
lot5,3,2,0.3942,0.4343378783312128,good,0.0,good,real_open_source,bf7c6d16fdcd7217
lot5,4,2,0.4086,0.428359150808502,good,0.023346557351613298,good,real_open_source,bf7c6d16fdcd7217
lot5,5,2,0.4086,0.43148347044866964,good,0.0,good,real_open_source,bf7c6d16fdcd7217
lot5,6,2,0.3816,0.42763101619128996,good,0.004598445595854922,good,real_open_source,bf7c6d16fdcd7217
lot5,7,2,0.414,0.4382773810045447,good,0.0,good,real_open_source,bf7c6d16fdcd7217
lot5,8,2,0.405,0.4308755267870209,good,0.0,good,real_open_source,bf7c6d16fdcd7217
lot5,9,2,0.3816,0.4340309233706872,good,0.01371621948077609,good,real_open_source,bf7c6d16fdcd7217
lot50,1,5,0.3779999999999999,0.4981001581034038,good,0.0,good,real_open_source,bf7c6d16fdcd7217
lot50,10,5,0.396,0.5025990913593851,good,0.0,good,real_open_source,bf7c6d16fdcd7217
lot50,11,5,0.387,0.47705709394383133,good,0.0,good,real_open_source,bf7c6d16fdcd7217
lot50,12,5,0.4212,0.5053686885851625,good,0.0,good,real_open_source,bf7c6d16fdcd7217
lot50,13,5,0.3779999999999999,0.4755914174206477,good,0.0,good,real_open_source,bf7c6d16fdcd7217
lot50,14,5,0.414,0.5124716097221695,good,0.0,good,real_open_source,bf7c6d16fdcd7217
lot50,15,5,0.369,0.47905321269300727,good,0.0,good,real_open_source,bf7c6d16fdcd7217
lot50,16,5,0.396,0.5238159579577366,good,0.0,good,real_open_source,bf7c6d16fdcd7217
lot50,17,5,0.3906,0.47305687850255285,good,0.0,good,real_open_source,bf7c6d16fdcd7217
lot50,18,5,0.396,0.5091266326745245,good,0.0,good,real_open_source,bf7c6d16fdcd7217
lot50,19,5,0.3779999999999999,0.49482356658004323,good,0.0,good,real_open_source,bf7c6d16fdcd7217
lot50,2,5,0.414,0.5002933272686587,good,0.0,good,real_open_source,bf7c6d16fdcd7217
lot50,20,5,0.4086,0.4977976882820371,good,0.0,good,real_open_source,bf7c6d16fdcd7217
lot50,21,5,0.3816,0.47918575869138536,good,0.0,good,real_open_source,bf7c6d16fdcd7217
lot50,22,5,0.3906,0.5027531036599336,good,0.0,good,real_open_source,bf7c6d16fdcd7217
lot50,23,5,0.3816,0.4774087781032825,good,0.0,good,real_open_source,bf7c6d16fdcd7217
lot50,24,5,0.405,0.522395807596006,good,0.0,good,real_open_source,bf7c6d16fdcd7217
lot50,25,5,0.3816,0.48635372790990394,good,0.0,good,real_open_source,bf7c6d16fdcd7217
lot50,3,5,0.387,0.481063751268205,good,0.0,good,real_open_source,bf7c6d16fdcd7217
lot50,4,5,1.0314,0.5120848056969513,bad,0.0,good,real_open_source,bf7c6d16fdcd7217
lot50,5,5,0.3906,0.4905518456833987,good,0.0,good,real_open_source,bf7c6d16fdcd7217
lot50,6,5,0.4176,0.5070198983190374,good,0.0,good,real_open_source,bf7c6d16fdcd7217
lot50,7,5,0.3816,0.48518711722059926,good,0.0,good,real_open_source,bf7c6d16fdcd7217
lot50,8,5,0.414,0.4990893999232464,good,0.0,good,real_open_source,bf7c6d16fdcd7217
lot50,9,5,0.387,0.47822561145447906,good,0.0,good,real_open_source,bf7c6d16fdcd7217
lot51,1,3,0.396,0.4581452764727375,good,0.0,good,real_open_source,bf7c6d16fdcd7217
lot51,10,3,0.3779999999999999,0.4519354650825646,good,0.0,good,real_open_source,bf7c6d16fdcd7217
lot51,11,3,0.3779999999999999,0.49262763107491214,good,0.0,good,real_open_source,bf7c6d16fdcd7217
lot51,12,3,0.3816,0.445083064653743,good,0.0,good,real_open_source,bf7c6d16fdcd7217
lot51,13,3,0.3779999999999999,0.47812034770773915,good,0.0,good,real_open_source,bf7c6d16fdcd7217
lot51,14,3,0.3726,0.45251467920919514,good,0.0,good,real_open_source,bf7c6d16fdcd7217
lot51,15,3,0.3779999999999999,0.5033634808970902,good,0.02445298613452403,good,real_open_source,bf7c6d16fdcd7217
lot51,16,3,0.3779999999999999,0.4464930623101873,good,0.0,good,real_open_source,bf7c6d16fdcd7217
lot51,17,3,0.3816,0.485310240037899,good,0.0,good,real_open_source,bf7c6d16fdcd7217
lot51,18,3,0.3779999999999999,0.45066418737002456,good,0.014592297456804125,good,real_open_source,bf7c6d16fdcd7217
lot51,19,3,0.369,0.5146497549982301,good,0.0,good,real_open_source,bf7c6d16fdcd7217
lot51,2,3,0.3779999999999999,0.4512856382688961,good,0.0,good,real_open_source,bf7c6d16fdcd7217
lot51,20,3,0.3816,0.46521885661077594,good,0.0,good,real_open_source,bf7c6d16fdcd7217
lot51,21,3,0.387,0.48068137662979193,good,0.005114759081927345,good,real_open_source,bf7c6d16fdcd7217
lot51,22,3,0.3779999999999999,0.4654865955555766,good,0.0,good,real_open_source,bf7c6d16fdcd7217
lot51,23,3,0.3942,0.46664439917170986,good,0.0,good,real_open_source,bf7c6d16fdcd7217
lot51,24,3,0.3996,0.45882451464031093,good,0.0,good,real_open_source,bf7c6d16fdcd7217
lot51,25,3,0.4266,0.48985613889360946,good,0.008870138125437162,good,real_open_source,bf7c6d16fdcd7217
lot51,3,3,0.3816,0.47280793324626297,good,0.0,good,real_open_source,bf7c6d16fdcd7217
lot51,4,3,0.3816,0.4624221497747084,good,0.0,good,real_open_source,bf7c6d16fdcd7217
lot51,5,3,0.3779999999999999,0.48700577838843084,good,0.004131368937998772,good,real_open_source,bf7c6d16fdcd7217
lot51,6,3,0.3779999999999999,0.4433831851360003,good,0.014592297456804125,good,real_open_source,bf7c6d16fdcd7217
lot51,7,3,0.3726,0.4720935495491495,good,0.0,good,real_open_source,bf7c6d16fdcd7217
lot51,8,3,0.369,0.4558400547135832,good,0.0032883807290139747,good,real_open_source,bf7c6d16fdcd7217
lot51,9,3,0.3762,0.4579741059935362,good,0.0,good,real_open_source,bf7c6d16fdcd7217
lot52,1,4,0.414,0.4879098843250681,good,0.028109409717345865,good,real_open_source,bf7c6d16fdcd7217
lot52,10,4,0.4320000000000001,0.47535391173412156,good,0.0,good,real_open_source,bf7c6d16fdcd7217
lot52,11,4,0.405,0.5258188568473967,good,0.0,good,real_open_source,bf7c6d16fdcd7217
lot52,12,4,0.4320000000000001,0.48143998302574154,good,0.03100021512774577,good,real_open_source,bf7c6d16fdcd7217
lot52,13,4,0.4086,0.5200643090921682,good,0.005207827915251496,good,real_open_source,bf7c6d16fdcd7217
lot52,15,4,0.423,0.5099257438101873,good,0.005555555555555556,good,real_open_source,bf7c6d16fdcd7217
lot52,16,4,0.423,0.4941424010747961,good,0.0,good,real_open_source,bf7c6d16fdcd7217
lot52,17,4,0.396,0.5078475173443271,good,0.018696371891600352,good,real_open_source,bf7c6d16fdcd7217
lot52,18,4,0.4266,0.48241579200064644,good,0.0,good,real_open_source,bf7c6d16fdcd7217
lot52,19,4,0.405,0.4907020720260431,good,0.0,good,real_open_source,bf7c6d16fdcd7217
lot52,2,4,0.4266,0.47549783935639023,good,0.01256142021610737,good,real_open_source,bf7c6d16fdcd7217
lot52,20,4,0.414,0.48024200875593864,good,0.0,good,real_open_source,bf7c6d16fdcd7217
lot52,21,4,0.4086,0.49013884617164893,good,0.0,good,real_open_source,bf7c6d16fdcd7217
lot52,22,4,0.414,0.4904854873644572,good,0.010763383470807051,good,real_open_source,bf7c6d16fdcd7217
lot52,23,4,0.3906,0.4962641934728167,good,0.0,good,real_open_source,bf7c6d16fdcd7217
lot52,24,4,0.4320000000000001,0.4933936635430879,good,0.00396649421039665,good,real_open_source,bf7c6d16fdcd7217
lot52,25,4,0.3996,0.5030898580039342,good,0.0,good,real_open_source,bf7c6d16fdcd7217
lot52,3,4,0.423,0.5103218285369007,good,0.015664448919817706,good,real_open_source,bf7c6d16fdcd7217
lot52,4,4,0.4356,0.4996219759819559,good,0.012561420216107372,good,real_open_source,bf7c6d16fdcd7217
lot52,5,4,0.405,0.5176398791315415,good,0.013139533125410623,good,real_open_source,bf7c6d16fdcd7217
lot52,6,4,0.4356,0.4979144868697891,good,0.00396649421039665,good,real_open_source,bf7c6d16fdcd7217
lot52,7,4,0.405,0.5026206174211887,good,0.0,good,real_open_source,bf7c6d16fdcd7217
lot52,8,4,0.4266,0.4839737313552975,good,0.0,good,real_open_source,bf7c6d16fdcd7217
lot52,9,4,0.414,0.4986754522472002,good,0.0,good,real_open_source,bf7c6d16fdcd7217
lot54,1,3,1.0242,0.6200556603666871,bad,0.169827198261909,bad,real_open_source,bf7c6d16fdcd7217
lot54,10,3,1.8576,1.0164935566033786,bad,0.25895548179248906,bad,real_open_source,bf7c6d16fdcd7217
lot54,11,3,1.89,1.1357597870301657,bad,0.33486228220026937,bad,real_open_source,bf7c6d16fdcd7217
lot54,12,3,1.8576,1.023851909954935,bad,0.2798309685159182,bad,real_open_source,bf7c6d16fdcd7217
lot54,13,3,1.0224,1.0583765939630747,bad,0.24068698890275927,bad,real_open_source,bf7c6d16fdcd7217
lot54,14,3,1.845,1.00373573178452,bad,0.1997185219683857,bad,real_open_source,bf7c6d16fdcd7217
lot54,15,3,1.0368,1.124979192212499,bad,0.2738233839257266,bad,real_open_source,bf7c6d16fdcd7217
lot54,16,3,1.8666,1.0171039044995238,bad,0.23735989291450701,bad,real_open_source,bf7c6d16fdcd7217
lot54,17,3,0.4589999999999999,1.1422370498654892,good,0.3663695412085308,bad,real_open_source,bf7c6d16fdcd7217
lot54,18,3,1.053,0.9942571755179922,bad,0.2478595159448078,bad,real_open_source,bf7c6d16fdcd7217
lot54,19,3,1.8792,1.0841709539274322,bad,0.37793398412495005,bad,real_open_source,bf7c6d16fdcd7217
lot54,2,3,1.9386,0.8820702943870202,bad,0.22737181902631023,bad,real_open_source,bf7c6d16fdcd7217
lot54,20,3,1.845,1.008844448587194,bad,0.2535035708675748,bad,real_open_source,bf7c6d16fdcd7217
lot54,21,3,0.477,1.1191391612189208,good,0.3690083783360338,bad,real_open_source,bf7c6d16fdcd7217
lot54,22,3,1.8396,0.9945177395391389,bad,0.18848785065701337,bad,real_open_source,bf7c6d16fdcd7217
lot54,23,3,1.8378,1.0602075137834077,bad,0.32130768839050694,bad,real_open_source,bf7c6d16fdcd7217
lot54,24,3,1.8036,1.059378256952683,bad,0.2618160730318275,bad,real_open_source,bf7c6d16fdcd7217
lot54,25,3,0.4194,1.1531608624298004,good,0.516945444738877,bad,real_open_source,bf7c6d16fdcd7217
lot54,3,3,1.98,0.934701743641348,bad,0.1859308189775996,bad,real_open_source,bf7c6d16fdcd7217
lot54,4,3,1.1376,0.813138323245084,bad,0.18636421079336643,bad,real_open_source,bf7c6d16fdcd7217
lot54,5,3,1.8972,0.9970966791558389,bad,0.32985782043640416,bad,real_open_source,bf7c6d16fdcd7217
lot54,6,3,1.89,0.9387780942588744,bad,0.20794976350129582,bad,real_open_source,bf7c6d16fdcd7217
lot54,7,3,1.9332,1.08425073475156,bad,0.3472539333316373,bad,real_open_source,bf7c6d16fdcd7217
lot54,8,3,1.8756,1.011602926108164,bad,0.22244621349036622,bad,real_open_source,bf7c6d16fdcd7217
lot54,9,3,1.8972,1.1136048440089776,bad,0.384506060194456,bad,real_open_source,bf7c6d16fdcd7217
lot58,1,3,0.414,0.7165140383533091,good,0.20690198869412788,bad,real_open_source,bf7c6d16fdcd7217
lot58,10,3,1.9062,0.6962441096538055,bad,0.5224507532566623,bad,real_open_source,bf7c6d16fdcd7217
lot58,11,3,1.899,0.7229617928817484,bad,0.5415801323488608,bad,real_open_source,bf7c6d16fdcd7217
lot58,12,3,1.8972,0.6193593130428,bad,0.48654604354956293,bad,real_open_source,bf7c6d16fdcd7217
lot58,13,3,0.9882,0.6911083670997205,bad,0.6143862056426599,bad,real_open_source,bf7c6d16fdcd7217
lot58,14,3,1.9152,0.7305638288066216,bad,0.4615018981776607,bad,real_open_source,bf7c6d16fdcd7217
lot58,15,3,0.9828,0.7327563970189872,bad,0.6263716948486043,bad,real_open_source,bf7c6d16fdcd7217
lot58,16,3,1.0332,0.6874811146319755,bad,0.4450544100702735,bad,real_open_source,bf7c6d16fdcd7217
lot58,17,3,0.9864,0.7439932882463665,bad,0.6486741000433816,bad,real_open_source,bf7c6d16fdcd7217
lot58,18,3,0.3816,0.6564081184153082,good,0.6115750329884891,bad,real_open_source,bf7c6d16fdcd7217
lot58,19,3,0.9882,0.7688165938941629,bad,0.6656233075695893,bad,real_open_source,bf7c6d16fdcd7217
lot58,2,3,1.017,0.697774789823975,bad,0.3726421400122378,bad,real_open_source,bf7c6d16fdcd7217
lot58,20,3,1.0098,0.7682503879306306,bad,0.6470223143308065,bad,real_open_source,bf7c6d16fdcd7217
lot58,21,3,0.396,0.8150031319797324,good,0.7271099540731277,bad,real_open_source,bf7c6d16fdcd7217
lot58,22,3,1.953,0.6642257839979965,bad,0.6031926292419997,bad,real_open_source,bf7c6d16fdcd7217
lot58,23,3,0.4122,0.7776322524686377,good,0.5339108806977942,bad,real_open_source,bf7c6d16fdcd7217
lot58,24,3,1.9476,0.6595175544308765,bad,0.5657750551725999,bad,real_open_source,bf7c6d16fdcd7217
lot58,25,3,0.396,0.7622163654383467,good,0.7817871732049255,bad,real_open_source,bf7c6d16fdcd7217
lot58,3,3,1.8756,0.7320335823722414,bad,0.2984250878108575,bad,real_open_source,bf7c6d16fdcd7217
lot58,4,3,1.9368,0.6593905233755727,bad,0.3750259350924293,bad,real_open_source,bf7c6d16fdcd7217
lot58,5,3,1.0656,0.7402282805551775,bad,0.30512731245141467,bad,real_open_source,bf7c6d16fdcd7217
lot58,6,3,1.0314,0.6197769814632426,bad,0.22901870898393362,bad,real_open_source,bf7c6d16fdcd7217
lot58,7,3,1.0008,0.7536425421634563,bad,0.4468313418200521,bad,real_open_source,bf7c6d16fdcd7217
lot58,8,3,1.8864,0.6416059096129858,bad,0.3029147391790892,bad,real_open_source,bf7c6d16fdcd7217
lot58,9,3,1.071,0.7076457908931674,bad,0.6125778726658619,bad,real_open_source,bf7c6d16fdcd7217
lot6,1,1,0.4176,0.7025578652316585,good,0.5137895984608387,bad,real_open_source,bf7c6d16fdcd7217
lot6,10,1,0.4176,0.7523915968371956,good,0.6503376181056727,bad,real_open_source,bf7c6d16fdcd7217
lot6,11,1,0.4356,0.8765898333419556,good,0.7073812203697273,bad,real_open_source,bf7c6d16fdcd7217
lot6,12,1,0.4176,0.941991891729874,good,0.5177434921576276,bad,real_open_source,bf7c6d16fdcd7217
lot6,13,1,0.4176,0.9823712298606022,good,0.8154443954099345,bad,real_open_source,bf7c6d16fdcd7217
lot6,14,1,0.441,0.8521643880454657,good,0.7079807603623084,bad,real_open_source,bf7c6d16fdcd7217
lot6,15,1,0.4266,0.9485963986560009,good,0.7428131222734378,bad,real_open_source,bf7c6d16fdcd7217
lot6,16,1,0.423,0.9701894397039859,good,0.7958736271117572,bad,real_open_source,bf7c6d16fdcd7217
lot6,17,1,0.4482,0.9453712872732962,good,0.7464654509691938,bad,real_open_source,bf7c6d16fdcd7217
lot6,18,1,0.4320000000000001,0.8724384370801689,good,0.650182527415464,bad,real_open_source,bf7c6d16fdcd7217
lot6,19,1,0.441,0.8607831549545248,good,0.5212314418446747,bad,real_open_source,bf7c6d16fdcd7217
lot6,2,1,0.4356,0.9629681351699291,good,0.6500748851886705,bad,real_open_source,bf7c6d16fdcd7217
lot6,20,1,0.441,0.8883734266863643,good,0.5769686576805008,bad,real_open_source,bf7c6d16fdcd7217
lot6,21,1,0.4266,0.8793973275464345,good,0.6458973341800158,bad,real_open_source,bf7c6d16fdcd7217
lot6,22,1,0.4266,0.9642030129625139,good,0.904944871787888,bad,real_open_source,bf7c6d16fdcd7217
lot6,23,1,0.441,0.8030671930083314,good,0.6103742615877323,bad,real_open_source,bf7c6d16fdcd7217
lot6,24,1,0.4266,0.872253473025782,good,0.7014307593369835,bad,real_open_source,bf7c6d16fdcd7217
lot6,25,1,0.4266,0.8244494333085965,good,0.7358787899326404,bad,real_open_source,bf7c6d16fdcd7217
lot6,3,1,0.4320000000000001,0.8208472292148441,good,0.5605614734555365,bad,real_open_source,bf7c6d16fdcd7217
lot6,4,1,0.4176,0.9420735416802202,good,0.5523813620470021,bad,real_open_source,bf7c6d16fdcd7217
lot6,5,1,0.4320000000000001,0.8645528271231973,good,0.7075625080530122,bad,real_open_source,bf7c6d16fdcd7217
lot6,6,1,0.423,0.9159916151751897,good,0.7483542982776215,bad,real_open_source,bf7c6d16fdcd7217
lot6,7,1,0.423,0.9569168991809425,good,0.7679787350731434,bad,real_open_source,bf7c6d16fdcd7217
lot6,8,1,0.4320000000000001,0.9059202562983917,good,0.650286571811496,bad,real_open_source,bf7c6d16fdcd7217
lot6,9,1,0.4320000000000001,0.9718482335009333,good,0.8263202014129253,bad,real_open_source,bf7c6d16fdcd7217
lot60,1,1,0.441,0.46314356665506495,good,0.26275977764228686,bad,real_open_source,bf7c6d16fdcd7217
lot60,10,1,0.423,0.463808290957766,good,0.2611642545728875,bad,real_open_source,bf7c6d16fdcd7217
lot60,11,1,0.423,0.4677404472259856,good,0.23409607624093204,bad,real_open_source,bf7c6d16fdcd7217
lot60,12,1,0.4122,0.47802801939851847,good,0.298410299039727,bad,real_open_source,bf7c6d16fdcd7217
lot60,13,1,0.423,0.4633133160465692,good,0.24337198353280484,bad,real_open_source,bf7c6d16fdcd7217
lot60,14,1,0.4266,0.4766254202401522,good,0.28905285817105963,bad,real_open_source,bf7c6d16fdcd7217
lot60,15,1,0.4086,0.4593135383369996,good,0.22336726543891483,bad,real_open_source,bf7c6d16fdcd7217
lot60,16,1,0.4356,0.47815301158285795,good,0.2711666136198325,bad,real_open_source,bf7c6d16fdcd7217
lot60,17,1,0.4212,0.464614784068472,good,0.23791702903326437,bad,real_open_source,bf7c6d16fdcd7217
lot60,18,1,0.4086,0.47225694153174386,good,0.2740493196006421,bad,real_open_source,bf7c6d16fdcd7217
lot60,19,1,0.4266,0.46670244385284443,good,0.22427481539105076,bad,real_open_source,bf7c6d16fdcd7217
lot60,2,1,0.423,0.47049715753605204,good,0.2790784933179842,bad,real_open_source,bf7c6d16fdcd7217
lot60,20,1,0.4302,0.4738777677896543,good,0.29180311200291587,bad,real_open_source,bf7c6d16fdcd7217
lot60,21,1,0.414,0.46590257702194815,good,0.2718366375483723,bad,real_open_source,bf7c6d16fdcd7217
lot60,22,1,0.441,0.48436142136447147,good,0.28937418099817425,bad,real_open_source,bf7c6d16fdcd7217
lot60,23,1,0.4338,0.4695960618332895,good,0.260905054163979,bad,real_open_source,bf7c6d16fdcd7217
lot60,24,1,0.423,0.4736387532281329,good,0.289665925256399,bad,real_open_source,bf7c6d16fdcd7217
lot60,25,1,0.4356,0.47046781860068565,good,0.25309264332667103,bad,real_open_source,bf7c6d16fdcd7217
lot60,3,1,0.3996,0.4597643984033127,good,0.25558026538466905,bad,real_open_source,bf7c6d16fdcd7217
lot60,4,1,0.4320000000000001,0.47877020500999257,good,0.2746751702996992,bad,real_open_source,bf7c6d16fdcd7217
lot60,5,1,0.4176,0.4644397870903242,good,0.23937895501748335,bad,real_open_source,bf7c6d16fdcd7217
lot60,6,1,0.4176,0.47708332238035844,good,0.2668818408462863,bad,real_open_source,bf7c6d16fdcd7217
lot60,7,1,0.423,0.45944784868742095,good,0.22399311613797196,bad,real_open_source,bf7c6d16fdcd7217
lot60,8,1,0.4320000000000001,0.46669395235129857,good,0.22797109781285177,bad,real_open_source,bf7c6d16fdcd7217
lot60,9,1,0.4086,0.45801852844244834,good,0.2143730574001208,bad,real_open_source,bf7c6d16fdcd7217
lot61,1,1,1.9692,0.49103045747593993,bad,0.1407888792060786,bad,real_open_source,bf7c6d16fdcd7217
lot61,10,1,1.9512,0.5318219052716192,bad,0.2844153352011525,bad,real_open_source,bf7c6d16fdcd7217
lot61,11,1,0.3816,0.5097837108953234,good,0.1738271476687353,bad,real_open_source,bf7c6d16fdcd7217
lot61,12,1,1.0296,0.48619814529778044,bad,0.22952837311920157,bad,real_open_source,bf7c6d16fdcd7217
lot61,13,1,1.0404,0.513396381418569,bad,0.20086492377466078,bad,real_open_source,bf7c6d16fdcd7217
lot61,14,1,1.9368,0.5234306859505863,bad,0.2506641000909722,bad,real_open_source,bf7c6d16fdcd7217
lot61,15,1,1.9872,0.48819585670297005,bad,0.1318565093506086,bad,real_open_source,bf7c6d16fdcd7217
lot61,16,1,0.4086,0.4938938276420187,good,0.2834705179062092,bad,real_open_source,bf7c6d16fdcd7217
lot61,17,1,1.8738,0.5645904687965558,bad,0.2687548996912102,bad,real_open_source,bf7c6d16fdcd7217
lot61,18,1,1.0494,0.5048446934591011,bad,0.2430293229106491,bad,real_open_source,bf7c6d16fdcd7217
lot61,19,1,0.4104,0.5258194873216859,good,0.34296183978251116,bad,real_open_source,bf7c6d16fdcd7217
lot61,2,1,1.9386,0.5341993905334146,bad,0.23815525791281245,bad,real_open_source,bf7c6d16fdcd7217
lot61,20,1,1.9116,0.4942716034715987,bad,0.230894574512152,bad,real_open_source,bf7c6d16fdcd7217
lot61,21,1,0.396,0.4997692444118268,good,0.19461508893432572,bad,real_open_source,bf7c6d16fdcd7217
lot61,22,1,1.008,0.5071335724040832,bad,0.28624806817509707,bad,real_open_source,bf7c6d16fdcd7217
lot61,23,1,0.387,0.5265606137200802,good,0.3334625913148012,bad,real_open_source,bf7c6d16fdcd7217
lot61,24,1,0.4176,0.4947261504422428,good,0.25799661974292926,bad,real_open_source,bf7c6d16fdcd7217
lot61,25,1,1.026,0.5336936675986508,bad,0.28510540793405487,bad,real_open_source,bf7c6d16fdcd7217
lot61,3,1,1.1142,0.5081804084240175,bad,0.2863252468825169,bad,real_open_source,bf7c6d16fdcd7217
lot61,4,1,1.0134,0.5070756834289228,bad,0.25341286397619117,bad,real_open_source,bf7c6d16fdcd7217
lot61,5,1,1.0332,0.49255130615538145,bad,0.22180453489836147,bad,real_open_source,bf7c6d16fdcd7217
lot61,6,1,1.7388,0.4874488069754095,bad,0.2602274137193589,bad,real_open_source,bf7c6d16fdcd7217
lot61,7,1,1.1052,0.4919116452329034,bad,0.25266496692647267,bad,real_open_source,bf7c6d16fdcd7217
lot61,8,1,1.971,0.508618038972145,bad,0.2937443127938043,bad,real_open_source,bf7c6d16fdcd7217
lot61,9,1,1.044,0.4783888721169176,bad,0.09355371064906323,bad,real_open_source,bf7c6d16fdcd7217
lot65,1,2,0.4356,0.4689346649549159,good,0.005031892274982281,good,real_open_source,bf7c6d16fdcd7217
lot65,10,2,0.396,0.44391013034715704,good,0.0,good,real_open_source,bf7c6d16fdcd7217
lot65,11,2,0.4032,0.4379471991174743,good,0.0,good,real_open_source,bf7c6d16fdcd7217
lot65,12,2,0.3906,0.44047343192888777,good,0.0,good,real_open_source,bf7c6d16fdcd7217
lot65,13,2,0.4320000000000001,0.45328092607286113,good,0.0,good,real_open_source,bf7c6d16fdcd7217
lot65,14,2,0.423,0.45015936645167176,good,0.00895454420868394,good,real_open_source,bf7c6d16fdcd7217
lot65,15,2,0.414,0.4385768193971278,good,0.0,good,real_open_source,bf7c6d16fdcd7217
lot65,16,2,0.3779999999999999,0.4361777901832038,good,0.05158851076058375,good,real_open_source,bf7c6d16fdcd7217
lot65,17,2,0.405,0.4452893561999613,good,0.0,good,real_open_source,bf7c6d16fdcd7217
lot65,18,2,0.3906,0.4393303386968073,good,0.012486339418948448,good,real_open_source,bf7c6d16fdcd7217
lot65,19,2,0.4320000000000001,0.442505806751053,good,0.009117773884921168,good,real_open_source,bf7c6d16fdcd7217
lot65,2,2,0.4356,0.44489881562914524,good,0.011941136065202054,good,real_open_source,bf7c6d16fdcd7217
lot65,20,2,0.423,0.43489756902732873,good,0.025053652590193334,good,real_open_source,bf7c6d16fdcd7217
lot65,21,2,0.405,0.46220425278414146,good,0.0,good,real_open_source,bf7c6d16fdcd7217
lot65,22,2,0.3779999999999999,0.4430660488237182,good,0.0,good,real_open_source,bf7c6d16fdcd7217
lot65,23,2,0.396,0.4486788690749123,good,0.0,good,real_open_source,bf7c6d16fdcd7217
lot65,24,2,0.369,0.4392902060721062,good,0.0,good,real_open_source,bf7c6d16fdcd7217
lot65,25,2,0.387,0.4657094822787263,good,0.003922651933701657,good,real_open_source,bf7c6d16fdcd7217
lot65,3,2,0.4392,0.43801525871164654,good,0.004878607420980302,good,real_open_source,bf7c6d16fdcd7217
lot65,4,2,0.3996,0.43997501644987314,good,0.004598445595854922,good,real_open_source,bf7c6d16fdcd7217
lot65,5,2,0.4176,0.44365418478962754,good,0.004878607420980302,good,real_open_source,bf7c6d16fdcd7217
lot65,6,2,0.3996,0.43817937115110583,good,0.0,good,real_open_source,bf7c6d16fdcd7217
lot65,7,2,0.4266,0.45663883773065195,good,0.0,good,real_open_source,bf7c6d16fdcd7217
lot65,8,2,0.4356,0.4490928423179789,good,0.0,good,real_open_source,bf7c6d16fdcd7217
lot65,9,2,0.4356,0.44608504741755417,good,0.0,good,real_open_source,bf7c6d16fdcd7217
lot67,1,3,0.423,0.5187249636609321,good,0.26051601221362386,bad,real_open_source,bf7c6d16fdcd7217
lot67,10,3,0.4014,0.5975794772021672,good,0.5585429658828412,bad,real_open_source,bf7c6d16fdcd7217
lot67,11,3,0.396,0.632954537474602,good,0.5170148019121704,bad,real_open_source,bf7c6d16fdcd7217
lot67,12,3,0.3942,0.5703912061132344,good,0.3081234984290181,bad,real_open_source,bf7c6d16fdcd7217
lot67,13,3,1.0008,0.6422654067279896,bad,0.494944505859519,bad,real_open_source,bf7c6d16fdcd7217
lot67,14,3,0.9972,0.6168292371499823,bad,0.6715009020265897,bad,real_open_source,bf7c6d16fdcd7217
lot67,15,3,0.414,0.6064874515307194,good,0.497864828501171,bad,real_open_source,bf7c6d16fdcd7217
lot67,16,3,0.387,0.49393066815890263,good,0.39054146624648123,bad,real_open_source,bf7c6d16fdcd7217
lot67,17,3,0.5472,0.6154252125579451,good,0.5448196544042821,bad,real_open_source,bf7c6d16fdcd7217
lot67,18,3,0.3996,0.5091419182860618,good,0.43564808517757303,bad,real_open_source,bf7c6d16fdcd7217
lot67,19,3,0.3996,0.6385308097273101,good,0.5399640091209318,bad,real_open_source,bf7c6d16fdcd7217
lot67,2,3,1.0242,0.5396767748573801,bad,0.2914876357564067,bad,real_open_source,bf7c6d16fdcd7217
lot67,20,3,0.3852,0.6091070163138046,good,0.5531554233728552,bad,real_open_source,bf7c6d16fdcd7217
lot67,21,3,0.423,0.5877253353931668,good,0.478519588554293,bad,real_open_source,bf7c6d16fdcd7217
lot67,22,3,0.423,0.5548928116629979,good,0.5714525173519445,bad,real_open_source,bf7c6d16fdcd7217
lot67,23,3,0.414,0.625698310793698,good,0.4989515029194528,bad,real_open_source,bf7c6d16fdcd7217
lot67,24,3,0.423,0.5261558402938675,good,0.49442383980901283,bad,real_open_source,bf7c6d16fdcd7217
lot67,25,3,0.4878,0.6456688283873776,good,0.5635980398923727,bad,real_open_source,bf7c6d16fdcd7217
lot67,3,3,0.4392,0.5901555458834733,good,0.20195147904210206,bad,real_open_source,bf7c6d16fdcd7217
lot67,4,3,0.396,0.5300954768810066,good,0.4989766492462889,bad,real_open_source,bf7c6d16fdcd7217
lot67,5,3,0.405,0.5436329920911389,good,0.36609266634869286,bad,real_open_source,bf7c6d16fdcd7217
lot67,6,3,0.3996,0.5055512110496695,good,0.4563910660902595,bad,real_open_source,bf7c6d16fdcd7217
lot67,7,3,0.405,0.6524594918331906,good,0.504318883058309,bad,real_open_source,bf7c6d16fdcd7217
lot67,8,3,0.3906,0.5447788066212206,good,0.6997323481279993,bad,real_open_source,bf7c6d16fdcd7217
lot67,9,3,0.4176,0.6147396061109146,good,0.41696337442313114,bad,real_open_source,bf7c6d16fdcd7217
lot70,1,3,0.4086,0.7424407013271584,good,0.6245595877115617,bad,real_open_source,bf7c6d16fdcd7217
lot70,10,3,0.3816,0.6472772491711498,good,0.7303069825410006,bad,real_open_source,bf7c6d16fdcd7217
lot70,11,3,0.396,0.7351878709226491,good,0.7038970180666108,bad,real_open_source,bf7c6d16fdcd7217
lot70,12,3,1.8648,0.6147274379917547,bad,0.39569617560573306,bad,real_open_source,bf7c6d16fdcd7217
lot70,13,3,0.4212,0.6839469170003043,good,0.6326168479540187,bad,real_open_source,bf7c6d16fdcd7217
lot70,14,3,0.9702,0.6095225762971291,bad,0.26684100228609536,bad,real_open_source,bf7c6d16fdcd7217
lot70,15,3,0.396,0.7028092224504001,good,0.4665727119797504,bad,real_open_source,bf7c6d16fdcd7217
lot70,16,3,0.4122,0.6255483832692974,good,0.5010349094725355,bad,real_open_source,bf7c6d16fdcd7217
lot70,17,3,0.9666,0.7040612281785332,bad,0.4515916831956113,bad,real_open_source,bf7c6d16fdcd7217
lot70,18,3,0.4320000000000001,0.6572783748052355,good,0.5440410304047283,bad,real_open_source,bf7c6d16fdcd7217
lot70,19,3,0.9738,0.7306066196676053,bad,0.5367573909555523,bad,real_open_source,bf7c6d16fdcd7217
lot70,2,3,0.3888,0.5792723934610553,good,0.5187257461821457,bad,real_open_source,bf7c6d16fdcd7217
lot70,20,3,0.4068,0.5451611047338034,good,0.34401295013406685,bad,real_open_source,bf7c6d16fdcd7217
lot70,21,3,0.9792,0.6990280562191779,bad,0.409324656200568,bad,real_open_source,bf7c6d16fdcd7217
lot70,22,3,1.1502,0.6321753976015835,bad,0.6436731232246079,bad,real_open_source,bf7c6d16fdcd7217
lot70,23,3,0.396,0.7345829911314172,good,0.42319418883229487,bad,real_open_source,bf7c6d16fdcd7217
lot70,24,3,0.3779999999999999,0.6484491699157557,good,0.651180686285733,bad,real_open_source,bf7c6d16fdcd7217
lot70,25,3,0.972,0.7467006021802615,bad,0.4864612715016459,bad,real_open_source,bf7c6d16fdcd7217
lot70,3,3,0.3906,0.7044799806442419,good,0.5924069199694852,bad,real_open_source,bf7c6d16fdcd7217
lot70,4,3,1.8486,0.6363464846740271,bad,0.5940601346918815,bad,real_open_source,bf7c6d16fdcd7217
lot70,5,3,0.387,0.7718782037423677,good,0.5645658854328831,bad,real_open_source,bf7c6d16fdcd7217
lot70,6,3,0.387,0.657158714975562,good,0.3840337434987901,bad,real_open_source,bf7c6d16fdcd7217
lot70,7,3,0.9792,0.6064918027794881,bad,0.6885705751021515,bad,real_open_source,bf7c6d16fdcd7217
lot70,8,3,0.3816,0.7282670674881448,good,0.5607027748215982,bad,real_open_source,bf7c6d16fdcd7217
lot70,9,3,0.3996,0.7177664011139949,good,0.5611942277187951,bad,real_open_source,bf7c6d16fdcd7217
lot72,1,4,0.414,0.7090845778564867,good,0.22306452047212907,bad,real_open_source,bf7c6d16fdcd7217
lot72,10,4,0.405,0.8714081778948028,good,0.0774443888736447,good,real_open_source,bf7c6d16fdcd7217
lot72,11,4,0.4212,0.8274682002032011,good,0.1697785269977181,bad,real_open_source,bf7c6d16fdcd7217
lot72,12,4,0.414,0.8534818236825454,good,0.07638511846646005,good,real_open_source,bf7c6d16fdcd7217
lot72,13,4,0.972,0.8345117905590678,bad,0.16567717957512507,bad,real_open_source,bf7c6d16fdcd7217
lot72,14,4,0.405,0.8099314992189854,good,0.08634479413496209,bad,real_open_source,bf7c6d16fdcd7217
lot72,15,4,0.405,0.8671705102979971,good,0.16827388765230483,bad,real_open_source,bf7c6d16fdcd7217
lot72,16,4,0.4086,0.8934667007179302,good,0.06504969567298136,good,real_open_source,bf7c6d16fdcd7217
lot72,17,4,0.405,0.8311095937192714,good,0.28100495700165345,bad,real_open_source,bf7c6d16fdcd7217
lot72,18,4,0.9828,0.850168411032563,bad,0.0770661645117255,good,real_open_source,bf7c6d16fdcd7217
lot72,19,4,0.4086,0.7778391050629914,good,0.1546167133533875,bad,real_open_source,bf7c6d16fdcd7217
lot72,2,4,0.4086,0.7907545711021954,good,0.06128656881556183,good,real_open_source,bf7c6d16fdcd7217
lot72,20,4,0.396,0.5697172938926676,good,0.09111742195866734,bad,real_open_source,bf7c6d16fdcd7217
lot72,21,4,0.396,0.7056977126710905,good,0.19074529993885292,bad,real_open_source,bf7c6d16fdcd7217
lot72,22,4,0.3996,0.8578834019297135,good,0.07582406146899473,good,real_open_source,bf7c6d16fdcd7217
lot72,23,4,0.4014,0.7784792069805118,good,0.11461768308632768,bad,real_open_source,bf7c6d16fdcd7217
lot72,24,4,0.3906,0.7397558305212342,good,0.054507101550106164,good,real_open_source,bf7c6d16fdcd7217
lot72,25,4,0.4104,0.7925088567885039,good,0.1797711555599368,bad,real_open_source,bf7c6d16fdcd7217
lot72,3,4,0.414,0.8120382984452921,good,0.18193112350683102,bad,real_open_source,bf7c6d16fdcd7217
lot72,4,4,0.4176,0.8509932389168672,good,0.0718034774161194,good,real_open_source,bf7c6d16fdcd7217
lot72,5,4,0.4176,0.8426077410860002,good,0.169507400968436,bad,real_open_source,bf7c6d16fdcd7217
lot72,6,4,0.4176,0.7994962211712117,good,0.07003458579760619,good,real_open_source,bf7c6d16fdcd7217
lot72,7,4,0.423,0.8048548943967251,good,0.2425287300881532,bad,real_open_source,bf7c6d16fdcd7217
lot72,8,4,0.4212,0.8464993091586993,good,0.03844246179816066,good,real_open_source,bf7c6d16fdcd7217
lot72,9,4,0.9684,0.8276363157517634,bad,0.17508305871105356,bad,real_open_source,bf7c6d16fdcd7217
lot74,1,4,0.369,0.42999346252660947,good,0.026371783332431696,good,real_open_source,bf7c6d16fdcd7217
lot74,10,4,0.3816,0.43389524784810046,good,0.01944109565040162,good,real_open_source,bf7c6d16fdcd7217
lot74,11,4,0.369,0.4375378633344621,good,0.0,good,real_open_source,bf7c6d16fdcd7217
lot74,12,4,0.387,0.4340810782422272,good,0.0,good,real_open_source,bf7c6d16fdcd7217
lot74,13,4,0.3816,0.4412379378083944,good,0.0,good,real_open_source,bf7c6d16fdcd7217
lot74,14,4,0.369,0.4300240346997435,good,0.00396649421039665,good,real_open_source,bf7c6d16fdcd7217
lot74,15,4,0.3726,0.43533539586720704,good,0.0,good,real_open_source,bf7c6d16fdcd7217
lot74,16,4,0.3816,0.4351042475384717,good,0.0,good,real_open_source,bf7c6d16fdcd7217
lot74,17,4,0.3636,0.4370986768630841,good,0.0,good,real_open_source,bf7c6d16fdcd7217
lot74,18,4,0.3816,0.4322243925078529,good,0.0,good,real_open_source,bf7c6d16fdcd7217
lot74,19,4,0.3816,0.433805506764782,good,0.0,good,real_open_source,bf7c6d16fdcd7217
lot74,2,4,0.3762,0.42940277988873543,good,0.020441607471876632,good,real_open_source,bf7c6d16fdcd7217
lot74,20,4,0.369,0.43040015847307933,good,0.0,good,real_open_source,bf7c6d16fdcd7217
lot74,21,4,0.3779999999999999,0.43196673983119194,good,0.0,good,real_open_source,bf7c6d16fdcd7217
lot74,22,4,0.3906,0.4320461451023193,good,0.0,good,real_open_source,bf7c6d16fdcd7217
lot74,23,4,0.369,0.4343059186367128,good,0.009827529021558873,good,real_open_source,bf7c6d16fdcd7217
lot74,24,4,0.3779999999999999,0.4318195824039098,good,0.0,good,real_open_source,bf7c6d16fdcd7217
lot74,25,4,0.3779999999999999,0.44990281290987616,good,0.0,good,real_open_source,bf7c6d16fdcd7217
lot74,3,4,0.3726,0.43928470739997477,good,0.0,good,real_open_source,bf7c6d16fdcd7217
lot74,4,4,0.3816,0.43567555600737656,good,0.004628431795314072,good,real_open_source,bf7c6d16fdcd7217
lot74,5,4,0.3672,0.44820634195862885,good,0.0,good,real_open_source,bf7c6d16fdcd7217
lot74,6,4,0.3816,0.4331199076195942,good,0.005207827915251496,good,real_open_source,bf7c6d16fdcd7217
lot74,7,4,0.369,0.43449613418122485,good,0.0,good,real_open_source,bf7c6d16fdcd7217
lot74,8,4,0.369,0.4369236188524291,good,0.005555555555555556,good,real_open_source,bf7c6d16fdcd7217
lot74,9,4,0.3726,0.4392231372911252,good,0.0,good,real_open_source,bf7c6d16fdcd7217
lot76,1,5,0.3816,0.46033295450090606,good,0.0,good,real_open_source,bf7c6d16fdcd7217
lot76,10,5,0.3906,0.45462830467802195,good,0.0,good,real_open_source,bf7c6d16fdcd7217
lot76,11,5,0.3636,0.4530611003679098,good,0.0,good,real_open_source,bf7c6d16fdcd7217
lot76,12,5,0.396,0.45446275722471396,good,0.0,good,real_open_source,bf7c6d16fdcd7217
lot76,13,5,0.3636,0.4485263596690196,good,0.0,good,real_open_source,bf7c6d16fdcd7217
lot76,14,5,0.387,0.4535384902381807,good,0.0,good,real_open_source,bf7c6d16fdcd7217
lot76,15,5,0.369,0.4514664672897904,good,0.0,good,real_open_source,bf7c6d16fdcd7217
lot76,16,5,0.3888,0.4557778495124548,good,0.0,good,real_open_source,bf7c6d16fdcd7217
lot76,17,5,0.369,0.4563640690862264,good,0.006745279790365003,good,real_open_source,bf7c6d16fdcd7217
lot76,18,5,0.3996,0.45064009630980206,good,0.0,good,real_open_source,bf7c6d16fdcd7217
lot76,19,5,0.3672,0.45329446817398883,good,0.0,good,real_open_source,bf7c6d16fdcd7217
lot76,2,5,0.396,0.47487056948286493,good,0.0,good,real_open_source,bf7c6d16fdcd7217
lot76,20,5,0.387,0.45261295405609314,good,0.0,good,real_open_source,bf7c6d16fdcd7217
lot76,21,5,0.3726,0.4485396144443723,good,0.0,good,real_open_source,bf7c6d16fdcd7217
lot76,22,5,0.3906,0.45433508495103536,good,0.0,good,real_open_source,bf7c6d16fdcd7217
lot76,23,5,0.369,0.45070481165273607,good,0.0,good,real_open_source,bf7c6d16fdcd7217
lot76,24,5,0.405,0.46184863852123803,good,0.0,good,real_open_source,bf7c6d16fdcd7217
lot76,25,5,0.3906,0.4814258992730496,good,0.0,good,real_open_source,bf7c6d16fdcd7217
lot76,3,5,0.3779999999999999,0.4708699551120743,good,0.0,good,real_open_source,bf7c6d16fdcd7217
lot76,4,5,0.396,0.47137128485959345,good,0.0,good,real_open_source,bf7c6d16fdcd7217
lot76,5,5,0.3779999999999999,0.4756311152584732,good,0.003640256959314775,good,real_open_source,bf7c6d16fdcd7217
lot76,6,5,0.396,0.4734263089250437,good,0.0,good,real_open_source,bf7c6d16fdcd7217
lot76,7,5,0.3672,0.47457196240206045,good,0.0,good,real_open_source,bf7c6d16fdcd7217
lot76,8,5,0.396,0.46119683930286726,good,0.0,good,real_open_source,bf7c6d16fdcd7217
lot76,9,5,0.3779999999999999,0.4642509318291659,good,0.003640256959314775,good,real_open_source,bf7c6d16fdcd7217
lot79,1,4,0.5364,0.9692938406376365,good,0.5144340757421677,bad,real_open_source,bf7c6d16fdcd7217
lot79,10,4,0.999,0.9326248448179991,bad,0.4185379019986169,bad,real_open_source,bf7c6d16fdcd7217
lot79,11,4,1.908,0.9140454065066134,bad,0.34715492798068537,bad,real_open_source,bf7c6d16fdcd7217
lot79,12,4,0.423,1.0145461383229408,good,0.41489214448285355,bad,real_open_source,bf7c6d16fdcd7217
lot79,13,4,0.3996,0.9052456674585281,good,0.4456773726742717,bad,real_open_source,bf7c6d16fdcd7217
lot79,14,4,1.0134,0.9359537280022642,bad,0.44664719327753766,bad,real_open_source,bf7c6d16fdcd7217
lot79,15,4,1.026,0.929691265060502,bad,0.445104804355237,bad,real_open_source,bf7c6d16fdcd7217
lot79,16,4,0.5634,0.9425774096915807,good,0.5317055341909055,bad,real_open_source,bf7c6d16fdcd7217
lot79,17,4,0.6336,0.9737978740350981,good,0.40064235747016963,bad,real_open_source,bf7c6d16fdcd7217
lot79,18,4,1.0188,0.9676564538462904,bad,0.5615876888448311,bad,real_open_source,bf7c6d16fdcd7217
lot79,19,4,1.008,0.5773973810948569,bad,0.28149454413835845,bad,real_open_source,bf7c6d16fdcd7217
lot79,2,4,1.0098,0.8652338380210467,bad,0.48030784917119107,bad,real_open_source,bf7c6d16fdcd7217
lot79,20,4,1.053,0.9738932610622233,bad,0.633273140534581,bad,real_open_source,bf7c6d16fdcd7217
lot79,21,4,0.423,0.9474536495363379,good,0.5012795181209846,bad,real_open_source,bf7c6d16fdcd7217
lot79,22,4,0.999,0.9267664581594564,bad,0.502189040663579,bad,real_open_source,bf7c6d16fdcd7217
lot79,23,4,0.4194,0.9068029397217462,good,0.6457332381496534,bad,real_open_source,bf7c6d16fdcd7217
lot79,24,4,1.0098,1.0258909693778469,bad,0.7127151267820447,bad,real_open_source,bf7c6d16fdcd7217
lot79,25,4,1.9044,0.8769962073631321,bad,0.4461923052080269,bad,real_open_source,bf7c6d16fdcd7217
lot79,3,4,1.8972,0.8796644696253444,bad,0.4575007300540487,bad,real_open_source,bf7c6d16fdcd7217
lot79,4,4,0.9954,0.9061578679852758,bad,0.26708802751884747,bad,real_open_source,bf7c6d16fdcd7217
lot79,5,4,0.9936,0.8896587390064024,bad,0.46957478284253984,bad,real_open_source,bf7c6d16fdcd7217
lot79,6,4,0.4266,0.9750882413090625,good,0.43640198807051583,bad,real_open_source,bf7c6d16fdcd7217
lot79,7,4,1.449,0.9638084021608782,bad,0.3878789436503174,bad,real_open_source,bf7c6d16fdcd7217
lot79,8,4,1.0152,0.9651217975760449,bad,0.47845210597152293,bad,real_open_source,bf7c6d16fdcd7217
lot79,9,4,0.423,0.9435454062696275,good,0.3792117018603286,bad,real_open_source,bf7c6d16fdcd7217
lot8,1,2,1.7838,0.5033849256522424,bad,0.059507248358680716,good,real_open_source,bf7c6d16fdcd7217
lot8,10,2,0.4284,0.4629171375527958,good,0.05750462580692687,good,real_open_source,bf7c6d16fdcd7217
lot8,11,2,0.4428,0.5046398663897051,good,0.058846629811968774,good,real_open_source,bf7c6d16fdcd7217
lot8,12,2,1.0098,0.4499989706763099,bad,0.0,good,real_open_source,bf7c6d16fdcd7217
lot8,13,2,0.5202,0.5001032733659494,good,0.02038101537761227,good,real_open_source,bf7c6d16fdcd7217
lot8,14,2,1.3968,0.4481262312189336,bad,0.004598445595854922,good,real_open_source,bf7c6d16fdcd7217
lot8,15,2,0.9972,0.540900853301442,bad,0.1250782604463013,bad,real_open_source,bf7c6d16fdcd7217
lot8,16,2,1.0134,0.46333797164457946,bad,0.029282871592821398,good,real_open_source,bf7c6d16fdcd7217
lot8,17,2,0.4176,0.5102567087818195,good,0.0730616224610915,good,real_open_source,bf7c6d16fdcd7217
lot8,18,2,0.7686,0.48079743860866797,bad,0.08043324658062267,bad,real_open_source,bf7c6d16fdcd7217
lot8,19,2,1.8252,0.513528046325989,bad,0.03132889681248615,good,real_open_source,bf7c6d16fdcd7217
lot8,2,2,1.0422,0.4300108040975208,bad,0.06798937657371584,good,real_open_source,bf7c6d16fdcd7217
lot8,20,2,1.8342,0.446942390679835,bad,0.02398715278107472,good,real_open_source,bf7c6d16fdcd7217
lot8,21,2,1.7892,0.5085604213461583,bad,0.0524718949280713,good,real_open_source,bf7c6d16fdcd7217
lot8,22,2,0.486,0.46305401881651,good,0.06238982667003058,good,real_open_source,bf7c6d16fdcd7217
lot8,23,2,0.9864,0.5346919721682387,bad,0.17012551680104798,bad,real_open_source,bf7c6d16fdcd7217
lot8,24,2,0.4392,0.46224612566084233,good,0.026239086250823006,good,real_open_source,bf7c6d16fdcd7217
lot8,25,2,1.5048,0.4975174819887824,bad,0.14426305332886866,bad,real_open_source,bf7c6d16fdcd7217
lot8,3,2,0.621,0.5164948888931946,good,0.03342640573675414,good,real_open_source,bf7c6d16fdcd7217
lot8,4,2,0.8334,0.4334520399204373,bad,0.009630337870837205,good,real_open_source,bf7c6d16fdcd7217
lot8,5,2,0.4338,0.5166956006827514,good,0.043363371033796026,good,real_open_source,bf7c6d16fdcd7217
lot8,6,2,1.0116,0.4434776374512049,bad,0.003922651933701657,good,real_open_source,bf7c6d16fdcd7217
lot8,7,2,1.134,0.4960967650315822,bad,0.00512857555619763,good,real_open_source,bf7c6d16fdcd7217
lot8,8,2,1.584,0.46860920063925493,bad,0.2301139732846655,bad,real_open_source,bf7c6d16fdcd7217
lot8,9,2,0.9648,0.47978199468557714,bad,0.014325466747907474,good,real_open_source,bf7c6d16fdcd7217
lot84,1,5,0.3816,0.4732880399299028,good,0.0,good,real_open_source,bf7c6d16fdcd7217
lot84,10,5,0.4086,0.4571571848402981,good,0.0,good,real_open_source,bf7c6d16fdcd7217
lot84,11,5,0.387,0.46480244215658983,good,0.0,good,real_open_source,bf7c6d16fdcd7217
lot84,12,5,0.4176,0.4701673610546797,good,0.0,good,real_open_source,bf7c6d16fdcd7217
lot84,13,5,0.3816,0.47553122157448546,good,0.0,good,real_open_source,bf7c6d16fdcd7217
lot84,14,5,0.414,0.45409016998945784,good,0.0,good,real_open_source,bf7c6d16fdcd7217
lot84,15,5,0.387,0.4664835589937325,good,0.0,good,real_open_source,bf7c6d16fdcd7217
lot84,16,5,0.405,0.45342313930702655,good,0.0,good,real_open_source,bf7c6d16fdcd7217
lot84,17,5,0.3906,0.4568678096765604,good,0.0,good,real_open_source,bf7c6d16fdcd7217
lot84,18,5,0.414,0.45694631218710796,good,0.0,good,real_open_source,bf7c6d16fdcd7217
lot84,19,5,0.387,0.45493998899038146,good,0.0,good,real_open_source,bf7c6d16fdcd7217
lot84,2,5,0.4086,0.46449533875444415,good,0.0,good,real_open_source,bf7c6d16fdcd7217
lot84,20,5,0.414,0.4565816544610007,good,0.0,good,real_open_source,bf7c6d16fdcd7217
lot84,21,5,0.3906,0.453689802297508,good,0.0,good,real_open_source,bf7c6d16fdcd7217
lot84,22,5,0.405,0.45183243779736404,good,0.0,good,real_open_source,bf7c6d16fdcd7217
lot84,23,5,0.3852,0.45350375292000245,good,0.0,good,real_open_source,bf7c6d16fdcd7217
lot84,24,5,0.414,0.45680372771441263,good,0.0,good,real_open_source,bf7c6d16fdcd7217
lot84,25,5,0.3816,0.4530491013764666,good,0.0,good,real_open_source,bf7c6d16fdcd7217
lot84,3,5,0.387,0.4651663449819355,good,0.0,good,real_open_source,bf7c6d16fdcd7217
lot84,4,5,0.405,0.47362320548442305,good,0.0,good,real_open_source,bf7c6d16fdcd7217
lot84,5,5,0.396,0.46391207693431835,good,0.0,good,real_open_source,bf7c6d16fdcd7217
lot84,6,5,0.4266,0.46297560089295375,good,0.0,good,real_open_source,bf7c6d16fdcd7217
lot84,7,5,0.387,0.46378959097041084,good,0.0,good,real_open_source,bf7c6d16fdcd7217
lot84,8,5,0.4266,0.4643604798007185,good,0.0,good,real_open_source,bf7c6d16fdcd7217
lot84,9,5,0.3906,0.46693343773130663,good,0.0,good,real_open_source,bf7c6d16fdcd7217
lot86,1,1,0.4266,0.4506257520018119,good,0.0,good,real_open_source,bf7c6d16fdcd7217
lot86,10,1,0.396,0.4196781397655192,good,0.0,good,real_open_source,bf7c6d16fdcd7217
lot86,11,1,0.423,0.42792677249313893,good,0.0,good,real_open_source,bf7c6d16fdcd7217
lot86,12,1,0.4086,0.4234897614209796,good,0.0,good,real_open_source,bf7c6d16fdcd7217
lot86,13,1,0.4356,0.427145415541866,good,0.0,good,real_open_source,bf7c6d16fdcd7217
lot86,14,1,0.405,0.42628969199041544,good,0.0,good,real_open_source,bf7c6d16fdcd7217
lot86,15,1,0.45,0.43298693871773697,good,0.0,good,real_open_source,bf7c6d16fdcd7217
lot86,16,1,0.4086,0.41919889729107385,good,0.0,good,real_open_source,bf7c6d16fdcd7217
lot86,17,1,0.4320000000000001,0.4506354949859923,good,0.0,good,real_open_source,bf7c6d16fdcd7217
lot86,18,1,0.4086,0.4204030032509222,good,0.0,good,real_open_source,bf7c6d16fdcd7217
lot86,19,1,0.4356,0.42678315487146473,good,0.0,good,real_open_source,bf7c6d16fdcd7217
lot86,2,1,0.405,0.41864248524793657,good,0.0,good,real_open_source,bf7c6d16fdcd7217
lot86,20,1,0.3996,0.4185938345709322,good,0.0,good,real_open_source,bf7c6d16fdcd7217
lot86,21,1,0.45,0.4357597660916039,good,0.022316326614272738,good,real_open_source,bf7c6d16fdcd7217
lot86,22,1,0.4176,0.4198617192716926,good,0.003336480956877558,good,real_open_source,bf7c6d16fdcd7217
lot86,23,1,0.4320000000000001,0.4297406536119129,good,0.0,good,real_open_source,bf7c6d16fdcd7217
lot86,24,1,0.4320000000000001,0.421247038259935,good,0.0,good,real_open_source,bf7c6d16fdcd7217
lot86,25,1,0.4536,0.42900417924240686,good,0.0,good,real_open_source,bf7c6d16fdcd7217
lot86,3,1,0.441,0.4282219347993067,good,0.0,good,real_open_source,bf7c6d16fdcd7217
lot86,4,1,0.3996,0.4217521597966894,good,0.0,good,real_open_source,bf7c6d16fdcd7217
lot86,5,1,0.4302,0.436073516547901,good,0.012449239240410297,good,real_open_source,bf7c6d16fdcd7217
lot86,6,1,0.414,0.42395309556240085,good,0.0,good,real_open_source,bf7c6d16fdcd7217
lot86,7,1,0.4302,0.4346105109594925,good,0.0,good,real_open_source,bf7c6d16fdcd7217
lot86,8,1,0.396,0.4214840909516686,good,0.0,good,real_open_source,bf7c6d16fdcd7217
lot86,9,1,0.4302,0.4338717949303536,good,0.0,good,real_open_source,bf7c6d16fdcd7217
