model,feature_set,feature_count,parameters,mae,rmse,r2,fold_r2_min,fold_r2_max,seconds,status,error
Ridge,engineered_key_numbers,686,"k=120,alpha=1000.0",0.25980555748973627,0.38351627288010404,0.17698064223244137,0.0985182178149312,0.32078936363586763,0.2434023999958299,OK,
SVR-RBF,engineered_key_numbers,686,"C=0.3,epsilon=0.1,gamma=scale",0.2167471773141671,0.38815456080705646,0.15695288823953446,-0.0848905517586318,0.44099137866841365,0.42872550000902265,OK,
QualityHurdleSVM,engineered_key_numbers,686,"C=0.3,gamma=0.002",0.23438724878496894,0.37306675661335365,0.2212186173402526,-0.010123694075917067,0.5085750401745688,1.389104399990174,OK,
RandomForest,engineered_key_numbers,686,"k=120,depth=8,leaf=3,max_features=sqrt",0.221667482167804,0.3846881792094073,0.17194317565742845,-0.08115122807254083,0.3934500242873451,2.489608200005023,OK,
ExtraTrees,engineered_key_numbers,686,"k=120,depth=12,leaf=2,max_features=0.3",0.22253777647072162,0.3956861117719336,0.12391938208213338,-0.13964663755795215,0.30733957466482054,3.174636299998383,OK,
GradientBoosting,engineered_key_numbers,686,"k=120,n=200,depth=2,lr=0.03,loss=huber",0.21492617649301615,0.39623606554015495,0.1214824066816037,-0.00266481108521166,0.2919513022422914,10.216192899999442,OK,
XGBoost,engineered_key_numbers,686,"k=200,depth=2,min_child_weight=8,n=400,lr=0.025",0.2337528556501092,0.4023634835337063,0.09410142428079638,-0.14891430091986368,0.4859449699996392,3.1389045999967493,OK,
LightGBM,engineered_key_numbers,686,"k=200,num_leaves=7,n=400,lr=0.025",0.23693516011277468,0.41061733845228565,0.056554048467726825,-0.21342658320161578,0.42675441622808763,3.269827800002531,OK,
CatBoost,engineered_key_numbers,686,"k=200,depth=4,n=400,lr=0.025",0.22268978696994732,0.393441541920652,0.1338305046265824,-0.028663405691190746,0.4770092527095404,42.861968199998955,OK,
