equipment,sensor,rows,source_formatted_count,source_formatted_rate,recovered_decimal_count,non_numeric_count,non_numeric_rate,missing_count,numeric_unique,status,examples,source_format_examples,exclusion_reason
equipment1,sensor_1,170896,692,0.004049246325250445,692,0,0.0,0,4571,RECOVERED_SOURCE_FORMAT,,Nov.73 | Nov.97 | Nov.33 | Nov.85 | Nov.84,
equipment1,sensor_2,170896,1435,0.008396919764067035,1435,0,0.0,0,458,RECOVERED_SOURCE_FORMAT,,16.Feb | 04.Feb | 10.Feb | 22.Feb | 28.Feb,
equipment1,sensor_3,170896,6,3.510907218425241e-05,6,0,0.0,0,1161,RECOVERED_SOURCE_FORMAT,,Sep.71 | Okt.96 | Okt.08 | Okt.37 | Okt.78,
equipment1,sensor_4,170896,54,0.0003159816496582717,54,0,0.0,0,2334,RECOVERED_SOURCE_FORMAT,,Nov.56 | Nov.88 | 25.Jän | Okt.72 | Dez.78,
equipment1,sensor_5,170896,143,0.0008367662203913491,143,0,0.0,0,688,RECOVERED_SOURCE_FORMAT,,15.Mär | 20.Apr | 06.Aug | 23.Aug | 28.Mai,
equipment1,sensor_6,170896,0,0.0,0,0,0.0,0,60,VALID,,,
equipment1,sensor_7,170896,9838,0.05756717535811254,9838,0,0.0,0,125353,DROPPED,,Mär.92 | Mär.88 | Mär.11 | Mär.56 | Mär.08,HIGH_SOURCE_FORMAT_RATE
equipment1,sensor_8,170896,3231,0.018906235371219923,3231,0,0.0,0,18274,DROPPED,,Jän.23 | Jän.37 | Feb.77 | Feb.03 | Feb.46,HIGH_SOURCE_FORMAT_RATE
equipment1,sensor_9,170896,0,0.0,0,0,0.0,0,15,VALID,,,
equipment1,sensor_10,170896,84779,0.49608533845145586,84779,0,0.0,0,3727,DROPPED,,01.Sep | 01.Jul | 03.Sep | 01.Mär | 01.Mai,HIGH_SOURCE_FORMAT_RATE
equipment1,sensor_11,170896,0,0.0,0,0,0.0,0,44,VALID,,,
equipment1,sensor_12,170896,0,0.0,0,0,0.0,0,63,VALID,,,
equipment1,sensor_13,170896,0,0.0,0,0,0.0,0,201,VALID,,,
equipment1,sensor_14,170896,0,0.0,0,0,0.0,0,201,VALID,,,
equipment1,sensor_15,170896,0,0.0,0,0,0.0,0,201,VALID,,,
equipment1,sensor_16,170896,0,0.0,0,0,0.0,0,200,VALID,,,
equipment1,sensor_17,170896,0,0.0,0,0,0.0,0,5,VALID,,,
equipment1,sensor_18,170896,0,0.0,0,0,0.0,0,73018,VALID,,,
equipment1,sensor_19,170896,0,0.0,0,0,0.0,0,5200,VALID,,,
equipment1,sensor_20,170896,0,0.0,0,0,0.0,0,63,VALID,,,
equipment1,sensor_21,170896,7329,0.04288573167306432,7329,0,0.0,0,589,DROPPED,,01.Feb | 01.Aug | 02.Apr | 03.Jun | 04.Feb,HIGH_SOURCE_FORMAT_RATE
equipment1,sensor_22,170896,0,0.0,0,0,0.0,0,3228,VALID,,,
equipment1,sensor_23,170896,0,0.0,0,0,0.0,0,7,VALID,,,
equipment1,sensor_24,170896,57789,0.3381530287426271,57789,0,0.0,0,355,DROPPED,,01.Jän | 01.Mai | 01.Apr | 01.Mär | 01.Jun,HIGH_SOURCE_FORMAT_RATE
equipment2,sensor_25,232144,0,0.0,0,0,0.0,0,3162,VALID,,,
equipment2,sensor_26,232144,175,0.0007538424426218209,175,0,0.0,0,92798,RECOVERED_SOURCE_FORMAT,,Nov.99 | Okt.87 | Okt.24 | Okt.72 | Okt.37,
equipment2,sensor_27,232144,0,0.0,0,0,0.0,0,3,VALID,,,
equipment2,sensor_28,232144,0,0.0,0,0,0.0,0,5,VALID,,,
equipment2,sensor_29,232144,0,0.0,0,0,0.0,0,2,VALID,,,
equipment2,sensor_30,232144,0,0.0,0,0,0.0,0,8,VALID,,,
equipment2,sensor_31,232144,8,3.446136880556896e-05,8,0,0.0,0,37253,RECOVERED_SOURCE_FORMAT,,20.Jän | 21.Feb | 20.Feb | 25.Nov | Jän.74,
equipment2,sensor_32,232144,139,0.0005987662829967606,139,0,0.0,0,65698,RECOVERED_SOURCE_FORMAT,,Jän.85 | Jän.37 | Jän.04 | Jän.75 | Jän.79,
equipment2,sensor_33,232144,0,0.0,0,0,0.0,0,2,VALID,,,
equipment2,sensor_34,232144,0,0.0,0,0,0.0,0,7144,VALID,,,
equipment2,sensor_35,232144,0,0.0,0,0,0.0,0,28057,VALID,,,
equipment2,sensor_36,232144,0,0.0,0,0,0.0,0,2,VALID,,,
equipment2,sensor_37,232144,18,7.753807981253015e-05,18,0,0.0,0,3253,RECOVERED_SOURCE_FORMAT,,Nov.17 | Okt.94 | Dez.57 | Dez.36 | Dez.74,
equipment2,sensor_38,232144,19,8.184575091322628e-05,19,0,0.0,0,1983,RECOVERED_SOURCE_FORMAT,,Jän.84,
equipment2,sensor_39,232144,574,0.0024726032117995725,574,0,0.0,0,815,RECOVERED_SOURCE_FORMAT,,Jän.84,
equipment2,sensor_40,232144,2,8.61534220139224e-06,2,0,0.0,0,2400,RECOVERED_SOURCE_FORMAT,,Dez.36,
equipment2,sensor_41,232144,746,0.003213522641119305,746,0,0.0,0,1260,RECOVERED_SOURCE_FORMAT,,Okt.98 | Okt.72 | Okt.81 | Nov.73 | Nov.64,
equipment2,sensor_42,232144,0,0.0,0,0,0.0,0,111,VALID,,,
equipment2,sensor_43,232144,0,0.0,0,0,0.0,0,78,VALID,,,
equipment2,sensor_44,232144,0,0.0,0,0,0.0,0,3,VALID,,,
equipment2,sensor_45,232144,0,0.0,0,0,0.0,0,73834,VALID,,,
equipment2,sensor_46,232144,1113,0.004794437935074781,1113,0,0.0,0,3022,RECOVERED_SOURCE_FORMAT,,01.Jun | 01.Feb | 01.Aug | 01.Apr | Jän.84,
equipment2,sensor_47,232144,0,0.0,0,0,0.0,0,73924,VALID,,,
equipment2,sensor_48,232144,1426,0.0061427389895926665,1426,0,0.0,0,2213,RECOVERED_SOURCE_FORMAT,,01.Jän | 01.Aug | 01.Mär | Jän.28 | Jän.72,
equipment2,sensor_49,232144,0,0.0,0,0,0.0,0,310,VALID,,,
equipment2,sensor_50,232144,445,0.0019169136398097732,445,0,0.0,0,738,RECOVERED_SOURCE_FORMAT,,01.Jän | 01.Mai | 01.Jul | 01.Apr | 01.Mär,
equipment2,sensor_51,232144,52946,0.22807395409745676,52946,0,0.0,0,864,DROPPED,,01.Mai | 01.Mär | 01.Aug | 02.Mär | 02.Mai,HIGH_SOURCE_FORMAT_RATE
equipment2,sensor_52,232144,0,0.0,0,0,0.0,0,224,VALID,,,
equipment2,sensor_53,232144,68,0.00029292163484733613,68,0,0.0,0,11087,RECOVERED_SOURCE_FORMAT,,Okt.57 | Okt.58 | Dez.93 | Dez.88 | Okt.76,
equipment2,sensor_54,232144,49,0.00021107588393410988,49,0,0.0,0,10895,RECOVERED_SOURCE_FORMAT,,Okt.58 | Okt.49 | Okt.55 | Mai.98 | Okt.81,
equipment2,sensor_55,232144,1254,0.005401819560272934,1254,0,0.0,0,6817,RECOVERED_SOURCE_FORMAT,,"Jän.22 | 1,00E-05 | 1,00E-06",
equipment2,sensor_56,232144,55507,0.2391058997863395,55507,0,0.0,0,168,DROPPED,,01.Jän | 01.Feb | 01.Mär | 01.Apr | 01.Mai,HIGH_SOURCE_FORMAT_RATE
