Rank,Category,Model,Task,Target,Feature_Set,R2,RMSE,MAE,Rows,Lots
1,Boosting Ensemble,Lightgbm,wafer_mean,si_etch,process_only,0.7874,0.1843,0.1527,88,10
2,Boosting Ensemble,Xgboost,wafer_mean,si_etch,process_only,0.7852,0.1852,0.1569,88,10
3,Boosting Ensemble,Hist Gradient Boosting,wafer_mean,si_etch,process_only,0.7496,0.2,0.1598,88,10
4,Regularised Linear,Elastic Net,wafer_mean,si_etch,process_only,0.7485,0.2004,0.1564,88,10
5,Regularised Linear,Lasso,wafer_mean,si_etch,process_only,0.7351,0.2057,0.1682,88,10
6,Bagging Ensemble,Extra Trees,wafer_mean,si_etch,process_only,0.7279,0.2085,0.171,88,10
7,Bagging Ensemble,Random Forest,wafer_mean,si_etch,process_only,0.6969,0.22,0.1811,88,10
8,Instance-Based,Knn,wafer_mean,si_etch,process_only,0.5382,0.2716,0.2253,88,10
9,Baseline,Dummy Mean,wafer_mean,si_etch,process_only,-0.0326,0.4061,0.3498,88,10
10,Regularised Linear,Ridge,wafer_mean,si_etch,process_only,-53.2402,2.9431,0.4746,88,10
1,Bagging Ensemble,Random Forest,map_point,si_etch,process_plus_coordinate,0.99,0.3602,0.2257,7832,10
2,Boosting Ensemble,Lightgbm,map_point,si_etch,process_plus_coordinate,0.99,0.3607,0.2204,7832,10
3,Bagging Ensemble,Extra Trees,map_point,si_etch,process_plus_coordinate,0.99,0.3616,0.2271,7832,10
4,Boosting Ensemble,Hist Gradient Boosting,map_point,si_etch,process_plus_coordinate,0.9896,0.3675,0.231,7832,10
5,Boosting Ensemble,Xgboost,map_point,si_etch,process_plus_coordinate,0.9868,0.4148,0.2797,7832,10
6,Regularised Linear,Lasso,map_point,si_etch,process_plus_coordinate,0.9031,1.1234,0.9386,7832,10
7,Regularised Linear,Elastic Net,map_point,si_etch,process_plus_coordinate,0.8937,1.1769,1.0198,7832,10
8,Instance-Based,Knn,map_point,si_etch,process_plus_coordinate,0.7955,1.6324,1.0882,7832,10
9,Regularised Linear,Ridge,map_point,si_etch,process_plus_coordinate,0.7933,1.6413,1.085,7832,10
10,Baseline,Dummy Mean,map_point,si_etch,process_plus_coordinate,-0.0004,3.6104,2.9787,7832,10
