model,input,target,wafers,lots,research_threshold,r2,rmse,mae,accuracy,balanced_accuracy,precision_bad,recall_bad,f1_bad,roc_auc_from_response,pr_auc_from_response,tn,fp,fn,tp
lasso,upstream_process_summaries_only,wafer_average_si_etch,88,10,44.0,0.8837373463060553,0.13625921066275537,0.10912335641009996,0.9545454545454546,0.9211087420042643,0.9473684210526315,0.8571428571428571,0.9,0.9872068230277184,0.9612553500932537,66,1,3,18
elastic_net,upstream_process_summaries_only,wafer_average_si_etch,88,10,44.0,0.8834401263177255,0.136433269611732,0.1096127434612005,0.9431818181818182,0.9136460554371002,0.9,0.8571428571428571,0.8780487804878049,0.9864960909737028,0.9639321452129335,65,2,3,18
lightgbm,upstream_process_summaries_only,wafer_average_si_etch,88,10,44.0,0.8323502544096504,0.1636240742392344,0.12907721603390374,0.9090909090909091,0.8585643212508884,0.8421052631578947,0.7619047619047619,0.8,0.9601990049751243,0.8821871087547106,64,3,5,16
xgboost,upstream_process_summaries_only,wafer_average_si_etch,88,10,44.0,0.8323269763578304,0.16363543339000697,0.135127981808769,0.8977272727272727,0.8347547974413646,0.8333333333333334,0.7142857142857143,0.7692307692307693,0.9715707178393745,0.9037306095300346,64,3,6,15
extra_trees,upstream_process_summaries_only,wafer_average_si_etch,88,10,44.0,0.7958135674948011,0.18057565285594945,0.14711552651384965,0.8977272727272727,0.8347547974413646,0.8333333333333334,0.7142857142857143,0.7692307692307693,0.955223880597015,0.8522526664164807,64,3,6,15
hist_gradient_boosting,upstream_process_summaries_only,wafer_average_si_etch,88,10,44.0,0.7702979041498136,0.19152621757838575,0.1625875718025192,0.8522727272727273,0.755863539445629,0.75,0.5714285714285714,0.6486486486486487,0.9566453447050463,0.8453676942907371,63,4,9,12
random_forest,upstream_process_summaries_only,wafer_average_si_etch,88,10,44.0,0.7466661898282477,0.20113716778940263,0.17019937220032808,0.8522727272727273,0.7231698649609097,0.8333333333333334,0.47619047619047616,0.6060606060606061,0.9637526652452025,0.869911881961307,65,2,11,10
knn,upstream_process_summaries_only,wafer_average_si_etch,88,10,44.0,0.6220918391473734,0.24566251195422664,0.20366164401683637,0.8409090909090909,0.7484008528784648,0.7058823529411765,0.5714285714285714,0.631578947368421,0.9225302061122957,0.7317375543846132,62,5,9,12
ridge,upstream_process_summaries_only,wafer_average_si_etch,88,10,44.0,-3.2184227161282264,0.8207687288385354,0.19619858495736112,0.9090909090909091,0.8749111584932481,0.8095238095238095,0.8095238095238095,0.8095238095238095,0.9651741293532339,0.8244085695557065,63,4,4,17
ridge_selected,upstream_process_summaries_only,wafer_average_si_etch,88,10,44.0,-3.2184227161282264,0.8207687288385354,0.19619858495736112,0.9090909090909091,0.8749111584932481,0.8095238095238095,0.8095238095238095,0.8095238095238095,0.9651741293532339,0.8244085695557065,63,4,4,17
