model,experiment_key,lot_number,actual_average_si_etch,predicted_average_si_etch,actual_research_class,predicted_research_class
ridge,2024-07-02_01,1,44.28899101123595,44.101823389868734,high_etch,high_etch
ridge,2024-07-02_02,1,44.038886516853935,44.02455213099817,high_etch,high_etch
ridge,2024-07-02_03,1,44.149623595505616,43.9825986995033,high_etch,within_threshold
ridge,2024-07-02_04,1,43.90529550561798,43.98932627533999,within_threshold,within_threshold
ridge,2024-07-02_05,1,43.426591011235956,43.38914937391263,within_threshold,within_threshold
ridge,2024-07-02_06,1,43.584064044943815,43.62135364840029,within_threshold,within_threshold
ridge,2024-07-02_08,1,43.09692808988764,43.278827891702164,within_threshold,within_threshold
ridge,2024-07-02_09,1,43.339929213483146,43.38822461875702,within_threshold,within_threshold
ridge,2024-07-02_10,1,43.28435730337079,43.469305969245006,within_threshold,within_threshold
ridge,2024-07-05_01,2,44.20857078651686,44.07435814597053,high_etch,high_etch
ridge,2024-07-05_02,2,44.20844943820225,44.16555834996901,high_etch,high_etch
ridge,2024-07-05_03,2,43.951485978988764,43.95259246117656,within_threshold,within_threshold
ridge,2024-07-05_04,2,43.42695056179775,43.34629140143182,within_threshold,within_threshold
ridge,2024-07-05_05,2,43.54600561797753,43.59226802209086,within_threshold,within_threshold
ridge,2024-07-05_06,2,43.416213483146066,43.429126538713774,within_threshold,within_threshold
ridge,2024-07-05_07,2,43.297787640449435,43.3827135321187,within_threshold,within_threshold
ridge,2024-07-05_08,2,42.96067191011236,43.01365859527635,within_threshold,within_threshold
ridge,2024-07-05_09,2,43.18773370786516,43.206383494980265,within_threshold,within_threshold
ridge,2024-07-05_10,2,43.10430337078652,43.19103999027116,within_threshold,within_threshold
ridge,2024-07-09_01,3,44.18354494382022,44.2880541131109,high_etch,high_etch
ridge,2024-07-09_02,3,43.90555393258427,43.789536429101474,within_threshold,within_threshold
ridge,2024-07-09_03,3,44.266009562584266,44.097233394746645,high_etch,high_etch
ridge,2024-07-09_04,3,44.079486308876405,43.95440373078291,high_etch,within_threshold
ridge,2024-07-09_05,3,43.976832691348314,43.9221477078241,within_threshold,within_threshold
ridge,2024-07-09_06,3,43.70646829337079,43.52224149286627,within_threshold,within_threshold
ridge,2024-07-09_07,3,43.58551297651685,43.40134643169303,within_threshold,within_threshold
ridge,2024-07-09_08,3,43.50429716483146,43.41294258735325,within_threshold,within_threshold
ridge,2024-07-09_09,3,43.42807412224719,43.3638968241143,within_threshold,within_threshold
ridge,2024-07-09_10,3,42.98307262797753,42.75809779942839,within_threshold,within_threshold
ridge,2024-07-11_01,4,44.30630482640449,44.253967080128106,high_etch,high_etch
ridge,2024-07-11_02,4,44.36490342820225,44.20051362496443,high_etch,high_etch
ridge,2024-07-11_03,4,44.324505951348314,44.28343348256846,high_etch,high_etch
ridge,2024-07-11_04,4,43.998570636404494,43.80830435043628,within_threshold,within_threshold
ridge,2024-07-11_05,4,43.92957708887641,43.82988363355113,within_threshold,within_threshold
ridge,2024-07-11_06,4,43.64391731,43.5471109796644,within_threshold,within_threshold
ridge,2024-07-11_07,4,43.214110956853936,43.1181462980408,within_threshold,within_threshold
ridge,2024-07-11_08,4,43.135930337078655,43.1895793848428,within_threshold,within_threshold
ridge,2024-07-11_09,4,42.94292808988764,43.038136908789376,within_threshold,within_threshold
ridge,2024-07-11_10,4,43.42402808988764,43.41494761091517,within_threshold,within_threshold
ridge,2024-07-19_01,5,44.31420112359551,44.185260960322886,high_etch,high_etch
ridge,2024-07-19_02,5,43.71237640449438,43.543631518350566,within_threshold,within_threshold
ridge,2024-07-19_03,5,43.85850112359551,43.824892062392955,within_threshold,within_threshold
ridge,2024-07-19_04,5,43.35476853932584,43.382147891053,within_threshold,within_threshold
ridge,2024-07-19_05,5,43.50141797752809,43.53601671913964,within_threshold,within_threshold
ridge,2024-07-19_06,5,43.371765168539326,43.467812104269456,within_threshold,within_threshold
ridge,2024-07-19_07,5,43.267224363932584,43.24452617705494,within_threshold,within_threshold
ridge,2024-07-19_08,5,43.17212696629213,43.22219079741233,within_threshold,within_threshold
ridge,2024-07-19_09,5,43.233769856629216,43.34914818369582,within_threshold,within_threshold
ridge,2024-07-19_10,5,43.02462584269663,43.055638631272096,within_threshold,within_threshold
ridge,2024-08-01_01,6,43.75222247191011,43.97440864451601,within_threshold,within_threshold
ridge,2024-08-01_02,6,44.195029213483146,44.13318372927702,high_etch,high_etch
ridge,2024-08-01_03,6,44.066997752808994,43.885341752744736,high_etch,within_threshold
ridge,2024-08-01_04,6,43.89461797752809,43.714891710754955,within_threshold,within_threshold
ridge,2024-08-01_05,6,43.69129550561797,43.76470711418204,within_threshold,within_threshold
ridge,2024-08-01_06,6,43.231184269662926,43.245825189597,within_threshold,within_threshold
ridge,2024-08-01_07,6,42.97732808988764,43.23704859949362,within_threshold,within_threshold
ridge,2024-08-01_08,6,43.32931011235955,43.21906251030032,within_threshold,within_threshold
ridge,2024-08-01_09,6,43.23398539325843,43.1715278084586,within_threshold,within_threshold
ridge,2024-08-01_10,6,43.2034202247191,43.260046150358534,within_threshold,within_threshold
ridge,2024-08-05_01,7,43.83111460674157,44.04673682555685,within_threshold,high_etch
ridge,2024-08-05_02,7,44.11084831460674,44.29323326589801,high_etch,high_etch
ridge,2024-08-05_03,7,43.68900561797753,43.593714968046946,within_threshold,within_threshold
ridge,2024-08-05_04,7,43.760993258426964,43.80228420465405,within_threshold,within_threshold
ridge,2024-08-05_05,7,43.5520786516854,43.676860320622055,within_threshold,within_threshold
ridge,2024-08-05_06,7,43.370857303370784,43.41676853647865,within_threshold,within_threshold
ridge,2024-08-07_01,8,43.74446306921348,43.83117544673066,within_threshold,within_threshold
ridge,2024-08-07_02,8,43.896177528089886,44.00224343623051,within_threshold,high_etch
ridge,2024-08-07_03,8,43.71542808988764,43.68778296372564,within_threshold,within_threshold
ridge,2024-08-07_04,8,43.832687640449436,43.76518774143919,within_threshold,within_threshold
ridge,2024-08-07_05,8,43.646195505617975,43.61869493894563,within_threshold,within_threshold
ridge,2024-08-07_06,8,43.50728202247191,43.62024999744106,within_threshold,within_threshold
ridge,2024-08-07_07,8,43.40571685393258,43.42522183411849,within_threshold,within_threshold
ridge,2024-08-07_08,8,43.69908426966292,51.28179904224066,within_threshold,high_etch
ridge,2024-08-07_09,8,43.47381460674157,44.01481541352974,within_threshold,high_etch
ridge,2024-08-07_10,8,43.21752471910112,43.73086953669563,within_threshold,within_threshold
ridge,2024-08-21_01,9,44.29168651685393,44.08071896775378,high_etch,high_etch
ridge,2024-08-21_02,9,44.376304494382026,44.20509482544753,high_etch,high_etch
ridge,2024-08-21_03,9,44.198883146067416,44.066668390666486,high_etch,high_etch
ridge,2024-08-21_04,9,43.97901235955056,43.84290076796511,within_threshold,within_threshold
ridge,2024-08-21_05,9,43.781948314606744,43.52831930501363,within_threshold,within_threshold
ridge,2024-08-21_06,9,43.35196179775281,43.50272849405401,within_threshold,within_threshold
ridge,2024-08-21_07,9,43.514860674157305,43.34467743517713,within_threshold,within_threshold
ridge,2024-08-21_08,9,43.43098426966292,43.384096200705706,within_threshold,within_threshold
ridge,2024-08-21_10,9,43.34042359550562,43.23818742509299,within_threshold,within_threshold
ridge,2024-08-22_01,10,44.3370988764045,44.21718461179069,high_etch,high_etch
ridge,2024-08-22_02,10,44.010087640449434,43.84164557952589,high_etch,within_threshold
ridge,2024-08-22_03,10,44.15319438202248,44.03629962577844,high_etch,high_etch
ridge,2024-08-22_04,10,43.86219509404494,43.90676734651053,within_threshold,within_threshold
ridge_selected,2024-07-02_01,1,44.28899101123595,44.101823389868734,high_etch,high_etch
ridge_selected,2024-07-02_02,1,44.038886516853935,44.02455213099817,high_etch,high_etch
ridge_selected,2024-07-02_03,1,44.149623595505616,43.9825986995033,high_etch,within_threshold
ridge_selected,2024-07-02_04,1,43.90529550561798,43.98932627533999,within_threshold,within_threshold
ridge_selected,2024-07-02_05,1,43.426591011235956,43.38914937391263,within_threshold,within_threshold
ridge_selected,2024-07-02_06,1,43.584064044943815,43.62135364840029,within_threshold,within_threshold
ridge_selected,2024-07-02_08,1,43.09692808988764,43.278827891702164,within_threshold,within_threshold
ridge_selected,2024-07-02_09,1,43.339929213483146,43.38822461875702,within_threshold,within_threshold
ridge_selected,2024-07-02_10,1,43.28435730337079,43.469305969245006,within_threshold,within_threshold
ridge_selected,2024-07-05_01,2,44.20857078651686,44.07435814597053,high_etch,high_etch
ridge_selected,2024-07-05_02,2,44.20844943820225,44.16555834996901,high_etch,high_etch
ridge_selected,2024-07-05_03,2,43.951485978988764,43.95259246117656,within_threshold,within_threshold
ridge_selected,2024-07-05_04,2,43.42695056179775,43.34629140143182,within_threshold,within_threshold
ridge_selected,2024-07-05_05,2,43.54600561797753,43.59226802209086,within_threshold,within_threshold
ridge_selected,2024-07-05_06,2,43.416213483146066,43.429126538713774,within_threshold,within_threshold
ridge_selected,2024-07-05_07,2,43.297787640449435,43.3827135321187,within_threshold,within_threshold
ridge_selected,2024-07-05_08,2,42.96067191011236,43.01365859527635,within_threshold,within_threshold
ridge_selected,2024-07-05_09,2,43.18773370786516,43.206383494980265,within_threshold,within_threshold
ridge_selected,2024-07-05_10,2,43.10430337078652,43.19103999027116,within_threshold,within_threshold
ridge_selected,2024-07-09_01,3,44.18354494382022,44.2880541131109,high_etch,high_etch
ridge_selected,2024-07-09_02,3,43.90555393258427,43.789536429101474,within_threshold,within_threshold
ridge_selected,2024-07-09_03,3,44.266009562584266,44.097233394746645,high_etch,high_etch
ridge_selected,2024-07-09_04,3,44.079486308876405,43.95440373078291,high_etch,within_threshold
ridge_selected,2024-07-09_05,3,43.976832691348314,43.9221477078241,within_threshold,within_threshold
ridge_selected,2024-07-09_06,3,43.70646829337079,43.52224149286627,within_threshold,within_threshold
ridge_selected,2024-07-09_07,3,43.58551297651685,43.40134643169303,within_threshold,within_threshold
ridge_selected,2024-07-09_08,3,43.50429716483146,43.41294258735325,within_threshold,within_threshold
ridge_selected,2024-07-09_09,3,43.42807412224719,43.3638968241143,within_threshold,within_threshold
ridge_selected,2024-07-09_10,3,42.98307262797753,42.75809779942839,within_threshold,within_threshold
ridge_selected,2024-07-11_01,4,44.30630482640449,44.253967080128106,high_etch,high_etch
ridge_selected,2024-07-11_02,4,44.36490342820225,44.20051362496443,high_etch,high_etch
ridge_selected,2024-07-11_03,4,44.324505951348314,44.28343348256846,high_etch,high_etch
ridge_selected,2024-07-11_04,4,43.998570636404494,43.80830435043628,within_threshold,within_threshold
ridge_selected,2024-07-11_05,4,43.92957708887641,43.82988363355113,within_threshold,within_threshold
ridge_selected,2024-07-11_06,4,43.64391731,43.5471109796644,within_threshold,within_threshold
ridge_selected,2024-07-11_07,4,43.214110956853936,43.1181462980408,within_threshold,within_threshold
ridge_selected,2024-07-11_08,4,43.135930337078655,43.1895793848428,within_threshold,within_threshold
ridge_selected,2024-07-11_09,4,42.94292808988764,43.038136908789376,within_threshold,within_threshold
ridge_selected,2024-07-11_10,4,43.42402808988764,43.41494761091517,within_threshold,within_threshold
ridge_selected,2024-07-19_01,5,44.31420112359551,44.185260960322886,high_etch,high_etch
ridge_selected,2024-07-19_02,5,43.71237640449438,43.543631518350566,within_threshold,within_threshold
ridge_selected,2024-07-19_03,5,43.85850112359551,43.824892062392955,within_threshold,within_threshold
ridge_selected,2024-07-19_04,5,43.35476853932584,43.382147891053,within_threshold,within_threshold
ridge_selected,2024-07-19_05,5,43.50141797752809,43.53601671913964,within_threshold,within_threshold
ridge_selected,2024-07-19_06,5,43.371765168539326,43.467812104269456,within_threshold,within_threshold
ridge_selected,2024-07-19_07,5,43.267224363932584,43.24452617705494,within_threshold,within_threshold
ridge_selected,2024-07-19_08,5,43.17212696629213,43.22219079741233,within_threshold,within_threshold
ridge_selected,2024-07-19_09,5,43.233769856629216,43.34914818369582,within_threshold,within_threshold
ridge_selected,2024-07-19_10,5,43.02462584269663,43.055638631272096,within_threshold,within_threshold
ridge_selected,2024-08-01_01,6,43.75222247191011,43.97440864451601,within_threshold,within_threshold
ridge_selected,2024-08-01_02,6,44.195029213483146,44.13318372927702,high_etch,high_etch
ridge_selected,2024-08-01_03,6,44.066997752808994,43.885341752744736,high_etch,within_threshold
ridge_selected,2024-08-01_04,6,43.89461797752809,43.714891710754955,within_threshold,within_threshold
ridge_selected,2024-08-01_05,6,43.69129550561797,43.76470711418204,within_threshold,within_threshold
ridge_selected,2024-08-01_06,6,43.231184269662926,43.245825189597,within_threshold,within_threshold
ridge_selected,2024-08-01_07,6,42.97732808988764,43.23704859949362,within_threshold,within_threshold
ridge_selected,2024-08-01_08,6,43.32931011235955,43.21906251030032,within_threshold,within_threshold
ridge_selected,2024-08-01_09,6,43.23398539325843,43.1715278084586,within_threshold,within_threshold
ridge_selected,2024-08-01_10,6,43.2034202247191,43.260046150358534,within_threshold,within_threshold
ridge_selected,2024-08-05_01,7,43.83111460674157,44.04673682555685,within_threshold,high_etch
ridge_selected,2024-08-05_02,7,44.11084831460674,44.29323326589801,high_etch,high_etch
ridge_selected,2024-08-05_03,7,43.68900561797753,43.593714968046946,within_threshold,within_threshold
ridge_selected,2024-08-05_04,7,43.760993258426964,43.80228420465405,within_threshold,within_threshold
ridge_selected,2024-08-05_05,7,43.5520786516854,43.676860320622055,within_threshold,within_threshold
ridge_selected,2024-08-05_06,7,43.370857303370784,43.41676853647865,within_threshold,within_threshold
ridge_selected,2024-08-07_01,8,43.74446306921348,43.83117544673066,within_threshold,within_threshold
ridge_selected,2024-08-07_02,8,43.896177528089886,44.00224343623051,within_threshold,high_etch
ridge_selected,2024-08-07_03,8,43.71542808988764,43.68778296372564,within_threshold,within_threshold
ridge_selected,2024-08-07_04,8,43.832687640449436,43.76518774143919,within_threshold,within_threshold
ridge_selected,2024-08-07_05,8,43.646195505617975,43.61869493894563,within_threshold,within_threshold
ridge_selected,2024-08-07_06,8,43.50728202247191,43.62024999744106,within_threshold,within_threshold
ridge_selected,2024-08-07_07,8,43.40571685393258,43.42522183411849,within_threshold,within_threshold
ridge_selected,2024-08-07_08,8,43.69908426966292,51.28179904224066,within_threshold,high_etch
ridge_selected,2024-08-07_09,8,43.47381460674157,44.01481541352974,within_threshold,high_etch
ridge_selected,2024-08-07_10,8,43.21752471910112,43.73086953669563,within_threshold,within_threshold
ridge_selected,2024-08-21_01,9,44.29168651685393,44.08071896775378,high_etch,high_etch
ridge_selected,2024-08-21_02,9,44.376304494382026,44.20509482544753,high_etch,high_etch
ridge_selected,2024-08-21_03,9,44.198883146067416,44.066668390666486,high_etch,high_etch
ridge_selected,2024-08-21_04,9,43.97901235955056,43.84290076796511,within_threshold,within_threshold
ridge_selected,2024-08-21_05,9,43.781948314606744,43.52831930501363,within_threshold,within_threshold
ridge_selected,2024-08-21_06,9,43.35196179775281,43.50272849405401,within_threshold,within_threshold
ridge_selected,2024-08-21_07,9,43.514860674157305,43.34467743517713,within_threshold,within_threshold
ridge_selected,2024-08-21_08,9,43.43098426966292,43.384096200705706,within_threshold,within_threshold
ridge_selected,2024-08-21_10,9,43.34042359550562,43.23818742509299,within_threshold,within_threshold
ridge_selected,2024-08-22_01,10,44.3370988764045,44.21718461179069,high_etch,high_etch
ridge_selected,2024-08-22_02,10,44.010087640449434,43.84164557952589,high_etch,within_threshold
ridge_selected,2024-08-22_03,10,44.15319438202248,44.03629962577844,high_etch,high_etch
ridge_selected,2024-08-22_04,10,43.86219509404494,43.90676734651053,within_threshold,within_threshold
lasso,2024-07-02_01,1,44.28899101123595,44.20168884712245,high_etch,high_etch
lasso,2024-07-02_02,1,44.038886516853935,44.074448834700476,high_etch,high_etch
lasso,2024-07-02_03,1,44.149623595505616,44.09719685161395,high_etch,high_etch
lasso,2024-07-02_04,1,43.90529550561798,44.07702127923117,within_threshold,high_etch
lasso,2024-07-02_05,1,43.426591011235956,43.49737851340088,within_threshold,within_threshold
lasso,2024-07-02_06,1,43.584064044943815,43.76263897958915,within_threshold,within_threshold
lasso,2024-07-02_08,1,43.09692808988764,43.35669754161755,within_threshold,within_threshold
lasso,2024-07-02_09,1,43.339929213483146,43.481437170873065,within_threshold,within_threshold
lasso,2024-07-02_10,1,43.28435730337079,43.41489781950622,within_threshold,within_threshold
lasso,2024-07-05_01,2,44.20857078651686,43.98903048489185,high_etch,within_threshold
lasso,2024-07-05_02,2,44.20844943820225,44.160881298921055,high_etch,high_etch
lasso,2024-07-05_03,2,43.951485978988764,43.87853920916441,within_threshold,within_threshold
lasso,2024-07-05_04,2,43.42695056179775,43.286767004729235,within_threshold,within_threshold
lasso,2024-07-05_05,2,43.54600561797753,43.61751641974697,within_threshold,within_threshold
lasso,2024-07-05_06,2,43.416213483146066,43.47621243940002,within_threshold,within_threshold
lasso,2024-07-05_07,2,43.297787640449435,43.40361237552771,within_threshold,within_threshold
lasso,2024-07-05_08,2,42.96067191011236,42.98631277928358,within_threshold,within_threshold
lasso,2024-07-05_09,2,43.18773370786516,43.205149126477444,within_threshold,within_threshold
lasso,2024-07-05_10,2,43.10430337078652,43.232227787382,within_threshold,within_threshold
lasso,2024-07-09_01,3,44.18354494382022,44.285558358732665,high_etch,high_etch
lasso,2024-07-09_02,3,43.90555393258427,43.84839634198956,within_threshold,within_threshold
lasso,2024-07-09_03,3,44.266009562584266,44.14076418861318,high_etch,high_etch
lasso,2024-07-09_04,3,44.079486308876405,44.01049411911278,high_etch,high_etch
lasso,2024-07-09_05,3,43.976832691348314,43.91806203920358,within_threshold,within_threshold
lasso,2024-07-09_06,3,43.70646829337079,43.59528338152341,within_threshold,within_threshold
lasso,2024-07-09_07,3,43.58551297651685,43.422728656048136,within_threshold,within_threshold
lasso,2024-07-09_08,3,43.50429716483146,43.49993344319585,within_threshold,within_threshold
lasso,2024-07-09_09,3,43.42807412224719,43.33974827554219,within_threshold,within_threshold
lasso,2024-07-09_10,3,42.98307262797753,42.79482364503333,within_threshold,within_threshold
lasso,2024-07-11_01,4,44.30630482640449,44.297447365733255,high_etch,high_etch
lasso,2024-07-11_02,4,44.36490342820225,44.28153110153135,high_etch,high_etch
lasso,2024-07-11_03,4,44.324505951348314,44.33033797078237,high_etch,high_etch
lasso,2024-07-11_04,4,43.998570636404494,43.81629020174616,within_threshold,within_threshold
lasso,2024-07-11_05,4,43.92957708887641,43.91154411526063,within_threshold,within_threshold
lasso,2024-07-11_06,4,43.64391731,43.59800385185132,within_threshold,within_threshold
lasso,2024-07-11_07,4,43.214110956853936,43.148651542676845,within_threshold,within_threshold
lasso,2024-07-11_08,4,43.135930337078655,43.16687440700544,within_threshold,within_threshold
lasso,2024-07-11_09,4,42.94292808988764,43.090956336310974,within_threshold,within_threshold
lasso,2024-07-11_10,4,43.42402808988764,43.5274941706859,within_threshold,within_threshold
lasso,2024-07-19_01,5,44.31420112359551,44.069613626367016,high_etch,high_etch
lasso,2024-07-19_02,5,43.71237640449438,43.55458374318206,within_threshold,within_threshold
lasso,2024-07-19_03,5,43.85850112359551,43.73248719807087,within_threshold,within_threshold
lasso,2024-07-19_04,5,43.35476853932584,43.29542938194047,within_threshold,within_threshold
lasso,2024-07-19_05,5,43.50141797752809,43.469772596584306,within_threshold,within_threshold
lasso,2024-07-19_06,5,43.371765168539326,43.43571698767185,within_threshold,within_threshold
lasso,2024-07-19_07,5,43.267224363932584,43.21017682164628,within_threshold,within_threshold
lasso,2024-07-19_08,5,43.17212696629213,43.094270595155265,within_threshold,within_threshold
lasso,2024-07-19_09,5,43.233769856629216,43.09215650749341,within_threshold,within_threshold
lasso,2024-07-19_10,5,43.02462584269663,42.896137520512966,within_threshold,within_threshold
lasso,2024-08-01_01,6,43.75222247191011,43.949768794406864,within_threshold,within_threshold
lasso,2024-08-01_02,6,44.195029213483146,44.21018479673293,high_etch,high_etch
lasso,2024-08-01_03,6,44.066997752808994,43.91212188101673,high_etch,within_threshold
lasso,2024-08-01_04,6,43.89461797752809,43.73507813880782,within_threshold,within_threshold
lasso,2024-08-01_05,6,43.69129550561797,43.752036210958,within_threshold,within_threshold
lasso,2024-08-01_06,6,43.231184269662926,43.22845453519105,within_threshold,within_threshold
lasso,2024-08-01_07,6,42.97732808988764,43.25112709317975,within_threshold,within_threshold
lasso,2024-08-01_08,6,43.32931011235955,43.26380179329883,within_threshold,within_threshold
lasso,2024-08-01_09,6,43.23398539325843,43.20142946055113,within_threshold,within_threshold
lasso,2024-08-01_10,6,43.2034202247191,43.230457191527584,within_threshold,within_threshold
lasso,2024-08-05_01,7,43.83111460674157,43.963903410993616,within_threshold,within_threshold
lasso,2024-08-05_02,7,44.11084831460674,44.248692927639226,high_etch,high_etch
lasso,2024-08-05_03,7,43.68900561797753,43.511019768666586,within_threshold,within_threshold
lasso,2024-08-05_04,7,43.760993258426964,43.68298570484226,within_threshold,within_threshold
lasso,2024-08-05_05,7,43.5520786516854,43.6485808919366,within_threshold,within_threshold
lasso,2024-08-05_06,7,43.370857303370784,43.323785290135355,within_threshold,within_threshold
lasso,2024-08-07_01,8,43.74446306921348,43.88252939898216,within_threshold,within_threshold
lasso,2024-08-07_02,8,43.896177528089886,43.99981540159463,within_threshold,within_threshold
lasso,2024-08-07_03,8,43.71542808988764,43.660592728329746,within_threshold,within_threshold
lasso,2024-08-07_04,8,43.832687640449436,43.84210280232638,within_threshold,within_threshold
lasso,2024-08-07_05,8,43.646195505617975,43.66839740586838,within_threshold,within_threshold
lasso,2024-08-07_06,8,43.50728202247191,43.640693802270704,within_threshold,within_threshold
lasso,2024-08-07_07,8,43.40571685393258,43.42917649746109,within_threshold,within_threshold
lasso,2024-08-07_08,8,43.69908426966292,43.684121028040686,within_threshold,within_threshold
lasso,2024-08-07_09,8,43.47381460674157,43.7741387033744,within_threshold,within_threshold
lasso,2024-08-07_10,8,43.21752471910112,43.571449259512434,within_threshold,within_threshold
lasso,2024-08-21_01,9,44.29168651685393,44.0371244724958,high_etch,high_etch
lasso,2024-08-21_02,9,44.376304494382026,44.171640796504946,high_etch,high_etch
lasso,2024-08-21_03,9,44.198883146067416,44.007785365033605,high_etch,high_etch
lasso,2024-08-21_04,9,43.97901235955056,43.73924118889215,within_threshold,within_threshold
lasso,2024-08-21_05,9,43.781948314606744,43.39293879700251,within_threshold,within_threshold
lasso,2024-08-21_06,9,43.35196179775281,43.338755324294134,within_threshold,within_threshold
lasso,2024-08-21_07,9,43.514860674157305,43.358612689317496,within_threshold,within_threshold
lasso,2024-08-21_08,9,43.43098426966292,43.290578403680584,within_threshold,within_threshold
lasso,2024-08-21_10,9,43.34042359550562,43.145776040044495,within_threshold,within_threshold
lasso,2024-08-22_01,10,44.3370988764045,44.26567519046453,high_etch,high_etch
lasso,2024-08-22_02,10,44.010087640449434,43.88555520495765,high_etch,within_threshold
lasso,2024-08-22_03,10,44.15319438202248,44.1130378888448,high_etch,high_etch
lasso,2024-08-22_04,10,43.86219509404494,43.8670356291001,within_threshold,within_threshold
elastic_net,2024-07-02_01,1,44.28899101123595,44.21685539777524,high_etch,high_etch
elastic_net,2024-07-02_02,1,44.038886516853935,44.088552035845815,high_etch,high_etch
elastic_net,2024-07-02_03,1,44.149623595505616,44.09471558997507,high_etch,high_etch
elastic_net,2024-07-02_04,1,43.90529550561798,44.0788222005696,within_threshold,high_etch
elastic_net,2024-07-02_05,1,43.426591011235956,43.49381715632636,within_threshold,within_threshold
elastic_net,2024-07-02_06,1,43.584064044943815,43.756233429120144,within_threshold,within_threshold
elastic_net,2024-07-02_08,1,43.09692808988764,43.33543196401631,within_threshold,within_threshold
elastic_net,2024-07-02_09,1,43.339929213483146,43.459216462719155,within_threshold,within_threshold
elastic_net,2024-07-02_10,1,43.28435730337079,43.436702089360644,within_threshold,within_threshold
elastic_net,2024-07-05_01,2,44.20857078651686,43.99614902264826,high_etch,within_threshold
elastic_net,2024-07-05_02,2,44.20844943820225,44.16234668734361,high_etch,high_etch
elastic_net,2024-07-05_03,2,43.951485978988764,43.875879866739325,within_threshold,within_threshold
elastic_net,2024-07-05_04,2,43.42695056179775,43.27577970306224,within_threshold,within_threshold
elastic_net,2024-07-05_05,2,43.54600561797753,43.59301287336829,within_threshold,within_threshold
elastic_net,2024-07-05_06,2,43.416213483146066,43.458226712499474,within_threshold,within_threshold
elastic_net,2024-07-05_07,2,43.297787640449435,43.3914568789415,within_threshold,within_threshold
elastic_net,2024-07-05_08,2,42.96067191011236,42.95619187353356,within_threshold,within_threshold
elastic_net,2024-07-05_09,2,43.18773370786516,43.16985485230571,within_threshold,within_threshold
elastic_net,2024-07-05_10,2,43.10430337078652,43.206132087346774,within_threshold,within_threshold
elastic_net,2024-07-09_01,3,44.18354494382022,44.3004613648999,high_etch,high_etch
elastic_net,2024-07-09_02,3,43.90555393258427,43.858541561528895,within_threshold,within_threshold
elastic_net,2024-07-09_03,3,44.266009562584266,44.148477776192735,high_etch,high_etch
elastic_net,2024-07-09_04,3,44.079486308876405,44.01589535652236,high_etch,high_etch
elastic_net,2024-07-09_05,3,43.976832691348314,43.93143722183631,within_threshold,within_threshold
elastic_net,2024-07-09_06,3,43.70646829337079,43.57004989173205,within_threshold,within_threshold
elastic_net,2024-07-09_07,3,43.58551297651685,43.41515288475916,within_threshold,within_threshold
elastic_net,2024-07-09_08,3,43.50429716483146,43.485385354917675,within_threshold,within_threshold
elastic_net,2024-07-09_09,3,43.42807412224719,43.33961870722087,within_threshold,within_threshold
elastic_net,2024-07-09_10,3,42.98307262797753,42.759428052197734,within_threshold,within_threshold
elastic_net,2024-07-11_01,4,44.30630482640449,44.323240532496044,high_etch,high_etch
elastic_net,2024-07-11_02,4,44.36490342820225,44.275690121402405,high_etch,high_etch
elastic_net,2024-07-11_03,4,44.324505951348314,44.3470929900131,high_etch,high_etch
elastic_net,2024-07-11_04,4,43.998570636404494,43.81453895298862,within_threshold,within_threshold
elastic_net,2024-07-11_05,4,43.92957708887641,43.92084227384952,within_threshold,within_threshold
elastic_net,2024-07-11_06,4,43.64391731,43.604094051392046,within_threshold,within_threshold
elastic_net,2024-07-11_07,4,43.214110956853936,43.13258328613486,within_threshold,within_threshold
elastic_net,2024-07-11_08,4,43.135930337078655,43.1433315755185,within_threshold,within_threshold
elastic_net,2024-07-11_09,4,42.94292808988764,43.06790983814314,within_threshold,within_threshold
elastic_net,2024-07-11_10,4,43.42402808988764,43.51456442155688,within_threshold,within_threshold
elastic_net,2024-07-19_01,5,44.31420112359551,44.11064730645952,high_etch,high_etch
elastic_net,2024-07-19_02,5,43.71237640449438,43.53734054313406,within_threshold,within_threshold
elastic_net,2024-07-19_03,5,43.85850112359551,43.732319990610506,within_threshold,within_threshold
elastic_net,2024-07-19_04,5,43.35476853932584,43.28600950800163,within_threshold,within_threshold
elastic_net,2024-07-19_05,5,43.50141797752809,43.4663984521443,within_threshold,within_threshold
elastic_net,2024-07-19_06,5,43.371765168539326,43.43229448469494,within_threshold,within_threshold
elastic_net,2024-07-19_07,5,43.267224363932584,43.184851661624286,within_threshold,within_threshold
elastic_net,2024-07-19_08,5,43.17212696629213,43.06847753692954,within_threshold,within_threshold
elastic_net,2024-07-19_09,5,43.233769856629216,43.091994722123886,within_threshold,within_threshold
elastic_net,2024-07-19_10,5,43.02462584269663,42.869433280249865,within_threshold,within_threshold
elastic_net,2024-08-01_01,6,43.75222247191011,43.950743093148034,within_threshold,within_threshold
elastic_net,2024-08-01_02,6,44.195029213483146,44.18827207031033,high_etch,high_etch
elastic_net,2024-08-01_03,6,44.066997752808994,43.90237057256842,high_etch,within_threshold
elastic_net,2024-08-01_04,6,43.89461797752809,43.731354270281045,within_threshold,within_threshold
elastic_net,2024-08-01_05,6,43.69129550561797,43.843488915824764,within_threshold,within_threshold
elastic_net,2024-08-01_06,6,43.231184269662926,43.27663157256835,within_threshold,within_threshold
elastic_net,2024-08-01_07,6,42.97732808988764,43.31714722231776,within_threshold,within_threshold
elastic_net,2024-08-01_08,6,43.32931011235955,43.28170507323491,within_threshold,within_threshold
elastic_net,2024-08-01_09,6,43.23398539325843,43.23067966632452,within_threshold,within_threshold
elastic_net,2024-08-01_10,6,43.2034202247191,43.25784517093441,within_threshold,within_threshold
elastic_net,2024-08-05_01,7,43.83111460674157,43.97566650704987,within_threshold,within_threshold
elastic_net,2024-08-05_02,7,44.11084831460674,44.262768012506655,high_etch,high_etch
elastic_net,2024-08-05_03,7,43.68900561797753,43.47680657366165,within_threshold,within_threshold
elastic_net,2024-08-05_04,7,43.760993258426964,43.71718011813655,within_threshold,within_threshold
elastic_net,2024-08-05_05,7,43.5520786516854,43.66412269112679,within_threshold,within_threshold
elastic_net,2024-08-05_06,7,43.370857303370784,43.33091437118631,within_threshold,within_threshold
elastic_net,2024-08-07_01,8,43.74446306921348,43.89487859054909,within_threshold,within_threshold
elastic_net,2024-08-07_02,8,43.896177528089886,44.01873421612508,within_threshold,high_etch
elastic_net,2024-08-07_03,8,43.71542808988764,43.654174401827945,within_threshold,within_threshold
elastic_net,2024-08-07_04,8,43.832687640449436,43.83239484914106,within_threshold,within_threshold
elastic_net,2024-08-07_05,8,43.646195505617975,43.67014836791318,within_threshold,within_threshold
elastic_net,2024-08-07_06,8,43.50728202247191,43.648297421194506,within_threshold,within_threshold
elastic_net,2024-08-07_07,8,43.40571685393258,43.44575948595811,within_threshold,within_threshold
elastic_net,2024-08-07_08,8,43.69908426966292,43.70814177777231,within_threshold,within_threshold
elastic_net,2024-08-07_09,8,43.47381460674157,43.79771711821568,within_threshold,within_threshold
elastic_net,2024-08-07_10,8,43.21752471910112,43.57853900791248,within_threshold,within_threshold
elastic_net,2024-08-21_01,9,44.29168651685393,44.108883389744314,high_etch,high_etch
elastic_net,2024-08-21_02,9,44.376304494382026,44.20104505469616,high_etch,high_etch
elastic_net,2024-08-21_03,9,44.198883146067416,44.06929019792588,high_etch,high_etch
elastic_net,2024-08-21_04,9,43.97901235955056,43.755924751572934,within_threshold,within_threshold
elastic_net,2024-08-21_05,9,43.781948314606744,43.41964456514076,within_threshold,within_threshold
elastic_net,2024-08-21_06,9,43.35196179775281,43.39813233366725,within_threshold,within_threshold
elastic_net,2024-08-21_07,9,43.514860674157305,43.36456101850896,within_threshold,within_threshold
elastic_net,2024-08-21_08,9,43.43098426966292,43.347475008328935,within_threshold,within_threshold
elastic_net,2024-08-21_10,9,43.34042359550562,43.171045618435436,within_threshold,within_threshold
elastic_net,2024-08-22_01,10,44.3370988764045,44.25854938526268,high_etch,high_etch
elastic_net,2024-08-22_02,10,44.010087640449434,43.86922256494802,high_etch,within_threshold
elastic_net,2024-08-22_03,10,44.15319438202248,44.1048853354243,high_etch,high_etch
elastic_net,2024-08-22_04,10,43.86219509404494,43.86602505433921,within_threshold,within_threshold
knn,2024-07-02_01,1,44.28899101123595,44.1149756319316,high_etch,high_etch
knn,2024-07-02_02,1,44.038886516853935,44.04196301293716,high_etch,high_etch
knn,2024-07-02_03,1,44.149623595505616,44.03992026466226,high_etch,high_etch
knn,2024-07-02_04,1,43.90529550561798,43.86906586252746,within_threshold,within_threshold
knn,2024-07-02_05,1,43.426591011235956,43.3879275529355,within_threshold,within_threshold
knn,2024-07-02_06,1,43.584064044943815,43.52739434439578,within_threshold,within_threshold
knn,2024-07-02_08,1,43.09692808988764,43.42666850183319,within_threshold,within_threshold
knn,2024-07-02_09,1,43.339929213483146,43.47302254570852,within_threshold,within_threshold
knn,2024-07-02_10,1,43.28435730337079,43.5118615022546,within_threshold,within_threshold
knn,2024-07-05_01,2,44.20857078651686,44.14720507178113,high_etch,high_etch
knn,2024-07-05_02,2,44.20844943820225,44.11086027820648,high_etch,high_etch
knn,2024-07-05_03,2,43.951485978988764,44.074368188817324,within_threshold,high_etch
knn,2024-07-05_04,2,43.42695056179775,43.56776389536614,within_threshold,within_threshold
knn,2024-07-05_05,2,43.54600561797753,43.72343512174854,within_threshold,within_threshold
knn,2024-07-05_06,2,43.416213483146066,43.526521662659356,within_threshold,within_threshold
knn,2024-07-05_07,2,43.297787640449435,43.49699781290696,within_threshold,within_threshold
knn,2024-07-05_08,2,42.96067191011236,43.28360068791147,within_threshold,within_threshold
knn,2024-07-05_09,2,43.18773370786516,43.42346037002037,within_threshold,within_threshold
knn,2024-07-05_10,2,43.10430337078652,43.3969238840044,within_threshold,within_threshold
knn,2024-07-09_01,3,44.18354494382022,44.072343232372354,high_etch,high_etch
knn,2024-07-09_02,3,43.90555393258427,43.907021270467894,within_threshold,within_threshold
knn,2024-07-09_03,3,44.266009562584266,43.9307166300644,high_etch,within_threshold
knn,2024-07-09_04,3,44.079486308876405,43.75342447162944,high_etch,within_threshold
knn,2024-07-09_05,3,43.976832691348314,43.66620239338207,within_threshold,within_threshold
knn,2024-07-09_06,3,43.70646829337079,43.41390496033681,within_threshold,within_threshold
knn,2024-07-09_07,3,43.58551297651685,43.374904365995846,within_threshold,within_threshold
knn,2024-07-09_08,3,43.50429716483146,43.40114483538364,within_threshold,within_threshold
knn,2024-07-09_09,3,43.42807412224719,43.334930748406435,within_threshold,within_threshold
knn,2024-07-09_10,3,42.98307262797753,43.21229987281471,within_threshold,within_threshold
knn,2024-07-11_01,4,44.30630482640449,44.110040869277896,high_etch,high_etch
knn,2024-07-11_02,4,44.36490342820225,43.97154204816392,high_etch,within_threshold
knn,2024-07-11_03,4,44.324505951348314,44.00362075152145,high_etch,high_etch
knn,2024-07-11_04,4,43.998570636404494,43.68135424890145,within_threshold,within_threshold
knn,2024-07-11_05,4,43.92957708887641,43.668331780118386,within_threshold,within_threshold
knn,2024-07-11_06,4,43.64391731,43.464412234755045,within_threshold,within_threshold
knn,2024-07-11_07,4,43.214110956853936,43.400691125109276,within_threshold,within_threshold
knn,2024-07-11_08,4,43.135930337078655,43.361663263917464,within_threshold,within_threshold
knn,2024-07-11_09,4,42.94292808988764,43.32367168663466,within_threshold,within_threshold
knn,2024-07-11_10,4,43.42402808988764,43.39168099979431,within_threshold,within_threshold
knn,2024-07-19_01,5,44.31420112359551,44.0853911261579,high_etch,high_etch
knn,2024-07-19_02,5,43.71237640449438,43.95008508259296,within_threshold,within_threshold
knn,2024-07-19_03,5,43.85850112359551,44.00039075448783,within_threshold,high_etch
knn,2024-07-19_04,5,43.35476853932584,43.8250718755039,within_threshold,within_threshold
knn,2024-07-19_05,5,43.50141797752809,43.690250725599924,within_threshold,within_threshold
knn,2024-07-19_06,5,43.371765168539326,43.60964059283708,within_threshold,within_threshold
knn,2024-07-19_07,5,43.267224363932584,43.4832198093606,within_threshold,within_threshold
knn,2024-07-19_08,5,43.17212696629213,43.46852249722646,within_threshold,within_threshold
knn,2024-07-19_09,5,43.233769856629216,43.54560094900722,within_threshold,within_threshold
knn,2024-07-19_10,5,43.02462584269663,43.43017069188889,within_threshold,within_threshold
knn,2024-08-01_01,6,43.75222247191011,44.03361549014572,within_threshold,high_etch
knn,2024-08-01_02,6,44.195029213483146,43.99684361639891,high_etch,within_threshold
knn,2024-08-01_03,6,44.066997752808994,43.755731442097115,high_etch,within_threshold
knn,2024-08-01_04,6,43.89461797752809,43.60083365920609,within_threshold,within_threshold
knn,2024-08-01_05,6,43.69129550561797,43.479783089104146,within_threshold,within_threshold
knn,2024-08-01_06,6,43.231184269662926,43.41734492921715,within_threshold,within_threshold
knn,2024-08-01_07,6,42.97732808988764,43.39748302066232,within_threshold,within_threshold
knn,2024-08-01_08,6,43.32931011235955,43.40842290508259,within_threshold,within_threshold
knn,2024-08-01_09,6,43.23398539325843,43.36780479885828,within_threshold,within_threshold
knn,2024-08-01_10,6,43.2034202247191,43.38011512304814,within_threshold,within_threshold
knn,2024-08-05_01,7,43.83111460674157,44.11302816479753,within_threshold,high_etch
knn,2024-08-05_02,7,44.11084831460674,44.00200824248336,high_etch,high_etch
knn,2024-08-05_03,7,43.68900561797753,43.54372700436948,within_threshold,within_threshold
knn,2024-08-05_04,7,43.760993258426964,43.61240167508763,within_threshold,within_threshold
knn,2024-08-05_05,7,43.5520786516854,43.442442520969635,within_threshold,within_threshold
knn,2024-08-05_06,7,43.370857303370784,43.45696665640798,within_threshold,within_threshold
knn,2024-08-07_01,8,43.74446306921348,43.91525191930822,within_threshold,within_threshold
knn,2024-08-07_02,8,43.896177528089886,43.91622478404449,within_threshold,within_threshold
knn,2024-08-07_03,8,43.71542808988764,43.84717380942788,within_threshold,within_threshold
knn,2024-08-07_04,8,43.832687640449436,43.86290334448749,within_threshold,within_threshold
knn,2024-08-07_05,8,43.646195505617975,43.64652586471684,within_threshold,within_threshold
knn,2024-08-07_06,8,43.50728202247191,43.577612946214714,within_threshold,within_threshold
knn,2024-08-07_07,8,43.40571685393258,43.455393825512594,within_threshold,within_threshold
knn,2024-08-07_08,8,43.69908426966292,43.433481324142804,within_threshold,within_threshold
knn,2024-08-07_09,8,43.47381460674157,44.10837235995324,within_threshold,high_etch
knn,2024-08-07_10,8,43.21752471910112,43.98596239989438,within_threshold,within_threshold
knn,2024-08-21_01,9,44.29168651685393,44.06827616390945,high_etch,high_etch
knn,2024-08-21_02,9,44.376304494382026,43.98217307098734,high_etch,within_threshold
knn,2024-08-21_03,9,44.198883146067416,43.78126762175377,high_etch,within_threshold
knn,2024-08-21_04,9,43.97901235955056,43.62120181791927,within_threshold,within_threshold
knn,2024-08-21_05,9,43.781948314606744,43.52152439452907,within_threshold,within_threshold
knn,2024-08-21_06,9,43.35196179775281,43.34088914081636,within_threshold,within_threshold
knn,2024-08-21_07,9,43.514860674157305,43.42011939106397,within_threshold,within_threshold
knn,2024-08-21_08,9,43.43098426966292,43.3170537922264,within_threshold,within_threshold
knn,2024-08-21_10,9,43.34042359550562,43.35371248825754,within_threshold,within_threshold
knn,2024-08-22_01,10,44.3370988764045,44.05869564769115,high_etch,high_etch
knn,2024-08-22_02,10,44.010087640449434,43.92278400348917,high_etch,within_threshold
knn,2024-08-22_03,10,44.15319438202248,43.955098978361704,high_etch,within_threshold
knn,2024-08-22_04,10,43.86219509404494,43.8163725951337,within_threshold,within_threshold
random_forest,2024-07-02_01,1,44.28899101123595,44.16796722677179,high_etch,high_etch
random_forest,2024-07-02_02,1,44.038886516853935,43.91261679141977,high_etch,within_threshold
random_forest,2024-07-02_03,1,44.149623595505616,43.98345970318283,high_etch,within_threshold
random_forest,2024-07-02_04,1,43.90529550561798,44.05012795729852,within_threshold,high_etch
random_forest,2024-07-02_05,1,43.426591011235956,43.64909420059807,within_threshold,within_threshold
random_forest,2024-07-02_06,1,43.584064044943815,43.5375436946384,within_threshold,within_threshold
random_forest,2024-07-02_08,1,43.09692808988764,43.4023370345373,within_threshold,within_threshold
random_forest,2024-07-02_09,1,43.339929213483146,43.42245533546738,within_threshold,within_threshold
random_forest,2024-07-02_10,1,43.28435730337079,43.38311889285209,within_threshold,within_threshold
random_forest,2024-07-05_01,2,44.20857078651686,43.94333779578221,high_etch,within_threshold
random_forest,2024-07-05_02,2,44.20844943820225,43.88241605773866,high_etch,within_threshold
random_forest,2024-07-05_03,2,43.951485978988764,43.8498623065874,within_threshold,within_threshold
random_forest,2024-07-05_04,2,43.42695056179775,43.661329430685974,within_threshold,within_threshold
random_forest,2024-07-05_05,2,43.54600561797753,43.69742106615328,within_threshold,within_threshold
random_forest,2024-07-05_06,2,43.416213483146066,43.597950349027315,within_threshold,within_threshold
random_forest,2024-07-05_07,2,43.297787640449435,43.46284048530642,within_threshold,within_threshold
random_forest,2024-07-05_08,2,42.96067191011236,43.22901955260389,within_threshold,within_threshold
random_forest,2024-07-05_09,2,43.18773370786516,43.368291158716794,within_threshold,within_threshold
random_forest,2024-07-05_10,2,43.10430337078652,43.345429192795926,within_threshold,within_threshold
random_forest,2024-07-09_01,3,44.18354494382022,44.12531340533178,high_etch,high_etch
random_forest,2024-07-09_02,3,43.90555393258427,43.833927736101394,within_threshold,within_threshold
random_forest,2024-07-09_03,3,44.266009562584266,43.9311778756008,high_etch,within_threshold
random_forest,2024-07-09_04,3,44.079486308876405,43.89691774617809,high_etch,within_threshold
random_forest,2024-07-09_05,3,43.976832691348314,43.62209911645099,within_threshold,within_threshold
random_forest,2024-07-09_06,3,43.70646829337079,43.48543710744899,within_threshold,within_threshold
random_forest,2024-07-09_07,3,43.58551297651685,43.39936204978698,within_threshold,within_threshold
random_forest,2024-07-09_08,3,43.50429716483146,43.41443620450763,within_threshold,within_threshold
random_forest,2024-07-09_09,3,43.42807412224719,43.3145185860297,within_threshold,within_threshold
random_forest,2024-07-09_10,3,42.98307262797753,43.115133152601956,within_threshold,within_threshold
random_forest,2024-07-11_01,4,44.30630482640449,44.21843207757054,high_etch,high_etch
random_forest,2024-07-11_02,4,44.36490342820225,44.102968958911916,high_etch,high_etch
random_forest,2024-07-11_03,4,44.324505951348314,44.06557688142051,high_etch,high_etch
random_forest,2024-07-11_04,4,43.998570636404494,43.91287800617002,within_threshold,within_threshold
random_forest,2024-07-11_05,4,43.92957708887641,43.665995874724175,within_threshold,within_threshold
random_forest,2024-07-11_06,4,43.64391731,43.50657738477391,within_threshold,within_threshold
random_forest,2024-07-11_07,4,43.214110956853936,43.29306021988743,within_threshold,within_threshold
random_forest,2024-07-11_08,4,43.135930337078655,43.34796369597302,within_threshold,within_threshold
random_forest,2024-07-11_09,4,42.94292808988764,43.320078329147194,within_threshold,within_threshold
random_forest,2024-07-11_10,4,43.42402808988764,43.50269208256829,within_threshold,within_threshold
random_forest,2024-07-19_01,5,44.31420112359551,43.996771775509416,high_etch,within_threshold
random_forest,2024-07-19_02,5,43.71237640449438,43.7098343692383,within_threshold,within_threshold
random_forest,2024-07-19_03,5,43.85850112359551,43.97254411005766,within_threshold,within_threshold
random_forest,2024-07-19_04,5,43.35476853932584,43.6571230760534,within_threshold,within_threshold
random_forest,2024-07-19_05,5,43.50141797752809,43.72718678672015,within_threshold,within_threshold
random_forest,2024-07-19_06,5,43.371765168539326,43.38312797203639,within_threshold,within_threshold
random_forest,2024-07-19_07,5,43.267224363932584,43.344716821208685,within_threshold,within_threshold
random_forest,2024-07-19_08,5,43.17212696629213,43.3279574961454,within_threshold,within_threshold
random_forest,2024-07-19_09,5,43.233769856629216,43.447917181986675,within_threshold,within_threshold
random_forest,2024-07-19_10,5,43.02462584269663,43.3547738399485,within_threshold,within_threshold
random_forest,2024-08-01_01,6,43.75222247191011,43.79642820627912,within_threshold,within_threshold
random_forest,2024-08-01_02,6,44.195029213483146,44.09874528130883,high_etch,high_etch
random_forest,2024-08-01_03,6,44.066997752808994,43.97419623826086,high_etch,within_threshold
random_forest,2024-08-01_04,6,43.89461797752809,43.7689833333892,within_threshold,within_threshold
random_forest,2024-08-01_05,6,43.69129550561797,43.55404176210489,within_threshold,within_threshold
random_forest,2024-08-01_06,6,43.231184269662926,43.402936144766244,within_threshold,within_threshold
random_forest,2024-08-01_07,6,42.97732808988764,43.33493505037779,within_threshold,within_threshold
random_forest,2024-08-01_08,6,43.32931011235955,43.471360298671435,within_threshold,within_threshold
random_forest,2024-08-01_09,6,43.23398539325843,43.331602649774474,within_threshold,within_threshold
random_forest,2024-08-01_10,6,43.2034202247191,43.535010179201144,within_threshold,within_threshold
random_forest,2024-08-05_01,7,43.83111460674157,44.10535746778107,within_threshold,high_etch
random_forest,2024-08-05_02,7,44.11084831460674,44.197854900341966,high_etch,high_etch
random_forest,2024-08-05_03,7,43.68900561797753,43.709635670681614,within_threshold,within_threshold
random_forest,2024-08-05_04,7,43.760993258426964,43.73520074586799,within_threshold,within_threshold
random_forest,2024-08-05_05,7,43.5520786516854,43.63746812096624,within_threshold,within_threshold
random_forest,2024-08-05_06,7,43.370857303370784,43.333654889924034,within_threshold,within_threshold
random_forest,2024-08-07_01,8,43.74446306921348,43.51888609621741,within_threshold,within_threshold
random_forest,2024-08-07_02,8,43.896177528089886,43.752476232298555,within_threshold,within_threshold
random_forest,2024-08-07_03,8,43.71542808988764,43.647015469905426,within_threshold,within_threshold
random_forest,2024-08-07_04,8,43.832687640449436,43.68552183845093,within_threshold,within_threshold
random_forest,2024-08-07_05,8,43.646195505617975,43.52846909901723,within_threshold,within_threshold
random_forest,2024-08-07_06,8,43.50728202247191,43.582457541498925,within_threshold,within_threshold
random_forest,2024-08-07_07,8,43.40571685393258,43.36446994030837,within_threshold,within_threshold
random_forest,2024-08-07_08,8,43.69908426966292,43.8843617754974,within_threshold,within_threshold
random_forest,2024-08-07_09,8,43.47381460674157,43.80708029289805,within_threshold,within_threshold
random_forest,2024-08-07_10,8,43.21752471910112,43.75055719188185,within_threshold,within_threshold
random_forest,2024-08-21_01,9,44.29168651685393,44.004944103034696,high_etch,high_etch
random_forest,2024-08-21_02,9,44.376304494382026,44.0877427244553,high_etch,high_etch
random_forest,2024-08-21_03,9,44.198883146067416,43.8427965696584,high_etch,within_threshold
random_forest,2024-08-21_04,9,43.97901235955056,43.688568659691306,within_threshold,within_threshold
random_forest,2024-08-21_05,9,43.781948314606744,43.606986719503546,within_threshold,within_threshold
random_forest,2024-08-21_06,9,43.35196179775281,43.49305994366897,within_threshold,within_threshold
random_forest,2024-08-21_07,9,43.514860674157305,43.51772418903947,within_threshold,within_threshold
random_forest,2024-08-21_08,9,43.43098426966292,43.431524809569886,within_threshold,within_threshold
random_forest,2024-08-21_10,9,43.34042359550562,43.36168300515531,within_threshold,within_threshold
random_forest,2024-08-22_01,10,44.3370988764045,44.18241436972274,high_etch,high_etch
random_forest,2024-08-22_02,10,44.010087640449434,43.76695166233228,high_etch,within_threshold
random_forest,2024-08-22_03,10,44.15319438202248,43.94149745125798,high_etch,within_threshold
random_forest,2024-08-22_04,10,43.86219509404494,43.82179778295515,within_threshold,within_threshold
extra_trees,2024-07-02_01,1,44.28899101123595,44.12121703017978,high_etch,high_etch
extra_trees,2024-07-02_02,1,44.038886516853935,43.901426590094275,high_etch,within_threshold
extra_trees,2024-07-02_03,1,44.149623595505616,44.00585447146177,high_etch,high_etch
extra_trees,2024-07-02_04,1,43.90529550561798,43.95310671419572,within_threshold,within_threshold
extra_trees,2024-07-02_05,1,43.426591011235956,43.497345120704296,within_threshold,within_threshold
extra_trees,2024-07-02_06,1,43.584064044943815,43.50791927426326,within_threshold,within_threshold
extra_trees,2024-07-02_08,1,43.09692808988764,43.263658971915255,within_threshold,within_threshold
extra_trees,2024-07-02_09,1,43.339929213483146,43.36651503906289,within_threshold,within_threshold
extra_trees,2024-07-02_10,1,43.28435730337079,43.40627042144662,within_threshold,within_threshold
extra_trees,2024-07-05_01,2,44.20857078651686,44.20902910110032,high_etch,high_etch
extra_trees,2024-07-05_02,2,44.20844943820225,44.163081443799946,high_etch,high_etch
extra_trees,2024-07-05_03,2,43.951485978988764,44.083229713352225,within_threshold,high_etch
extra_trees,2024-07-05_04,2,43.42695056179775,43.55691729542634,within_threshold,within_threshold
extra_trees,2024-07-05_05,2,43.54600561797753,43.72399409776937,within_threshold,within_threshold
extra_trees,2024-07-05_06,2,43.416213483146066,43.5613304298087,within_threshold,within_threshold
extra_trees,2024-07-05_07,2,43.297787640449435,43.38369321812423,within_threshold,within_threshold
extra_trees,2024-07-05_08,2,42.96067191011236,43.173841952511566,within_threshold,within_threshold
extra_trees,2024-07-05_09,2,43.18773370786516,43.353122572341924,within_threshold,within_threshold
extra_trees,2024-07-05_10,2,43.10430337078652,43.352322324284174,within_threshold,within_threshold
extra_trees,2024-07-09_01,3,44.18354494382022,44.16980659963358,high_etch,high_etch
extra_trees,2024-07-09_02,3,43.90555393258427,43.90698137739778,within_threshold,within_threshold
extra_trees,2024-07-09_03,3,44.266009562584266,43.98576066457412,high_etch,within_threshold
extra_trees,2024-07-09_04,3,44.079486308876405,43.88006775804182,high_etch,within_threshold
extra_trees,2024-07-09_05,3,43.976832691348314,43.655498842086466,within_threshold,within_threshold
extra_trees,2024-07-09_06,3,43.70646829337079,43.517715441770456,within_threshold,within_threshold
extra_trees,2024-07-09_07,3,43.58551297651685,43.466001991737045,within_threshold,within_threshold
extra_trees,2024-07-09_08,3,43.50429716483146,43.42590886050515,within_threshold,within_threshold
extra_trees,2024-07-09_09,3,43.42807412224719,43.2923058428204,within_threshold,within_threshold
extra_trees,2024-07-09_10,3,42.98307262797753,43.08839268030915,within_threshold,within_threshold
extra_trees,2024-07-11_01,4,44.30630482640449,44.22728274167761,high_etch,high_etch
extra_trees,2024-07-11_02,4,44.36490342820225,44.143309726441956,high_etch,high_etch
extra_trees,2024-07-11_03,4,44.324505951348314,44.047582700466315,high_etch,high_etch
extra_trees,2024-07-11_04,4,43.998570636404494,43.737073225590976,within_threshold,within_threshold
extra_trees,2024-07-11_05,4,43.92957708887641,43.74356624041839,within_threshold,within_threshold
extra_trees,2024-07-11_06,4,43.64391731,43.56598693845647,within_threshold,within_threshold
extra_trees,2024-07-11_07,4,43.214110956853936,43.23945723573082,within_threshold,within_threshold
extra_trees,2024-07-11_08,4,43.135930337078655,43.31907426504697,within_threshold,within_threshold
extra_trees,2024-07-11_09,4,42.94292808988764,43.2841833770465,within_threshold,within_threshold
extra_trees,2024-07-11_10,4,43.42402808988764,43.513526809186935,within_threshold,within_threshold
extra_trees,2024-07-19_01,5,44.31420112359551,44.01538979269819,high_etch,high_etch
extra_trees,2024-07-19_02,5,43.71237640449438,43.78635961551203,within_threshold,within_threshold
extra_trees,2024-07-19_03,5,43.85850112359551,44.09633458682164,within_threshold,high_etch
extra_trees,2024-07-19_04,5,43.35476853932584,43.69122152554029,within_threshold,within_threshold
extra_trees,2024-07-19_05,5,43.50141797752809,43.56658018385329,within_threshold,within_threshold
extra_trees,2024-07-19_06,5,43.371765168539326,43.44556160884067,within_threshold,within_threshold
extra_trees,2024-07-19_07,5,43.267224363932584,43.38319182741061,within_threshold,within_threshold
extra_trees,2024-07-19_08,5,43.17212696629213,43.375287658845835,within_threshold,within_threshold
extra_trees,2024-07-19_09,5,43.233769856629216,43.413064591323035,within_threshold,within_threshold
extra_trees,2024-07-19_10,5,43.02462584269663,43.3874063578912,within_threshold,within_threshold
extra_trees,2024-08-01_01,6,43.75222247191011,43.83079641043522,within_threshold,within_threshold
extra_trees,2024-08-01_02,6,44.195029213483146,44.141915628253145,high_etch,high_etch
extra_trees,2024-08-01_03,6,44.066997752808994,43.88957716060627,high_etch,within_threshold
extra_trees,2024-08-01_04,6,43.89461797752809,43.669265074513106,within_threshold,within_threshold
extra_trees,2024-08-01_05,6,43.69129550561797,43.571296190432896,within_threshold,within_threshold
extra_trees,2024-08-01_06,6,43.231184269662926,43.27619270952293,within_threshold,within_threshold
extra_trees,2024-08-01_07,6,42.97732808988764,43.23809065217117,within_threshold,within_threshold
extra_trees,2024-08-01_08,6,43.32931011235955,43.4065739441462,within_threshold,within_threshold
extra_trees,2024-08-01_09,6,43.23398539325843,43.35938834561547,within_threshold,within_threshold
extra_trees,2024-08-01_10,6,43.2034202247191,43.421625008052736,within_threshold,within_threshold
extra_trees,2024-08-05_01,7,43.83111460674157,44.161394782573815,within_threshold,high_etch
extra_trees,2024-08-05_02,7,44.11084831460674,44.18880428650076,high_etch,high_etch
extra_trees,2024-08-05_03,7,43.68900561797753,43.70667386412141,within_threshold,within_threshold
extra_trees,2024-08-05_04,7,43.760993258426964,43.63965886643929,within_threshold,within_threshold
extra_trees,2024-08-05_05,7,43.5520786516854,43.52451242001497,within_threshold,within_threshold
extra_trees,2024-08-05_06,7,43.370857303370784,43.36774805885845,within_threshold,within_threshold
extra_trees,2024-08-07_01,8,43.74446306921348,43.746286099530394,within_threshold,within_threshold
extra_trees,2024-08-07_02,8,43.896177528089886,43.95057476386124,within_threshold,within_threshold
extra_trees,2024-08-07_03,8,43.71542808988764,43.84673730131927,within_threshold,within_threshold
extra_trees,2024-08-07_04,8,43.832687640449436,43.80940588398424,within_threshold,within_threshold
extra_trees,2024-08-07_05,8,43.646195505617975,43.55922167774159,within_threshold,within_threshold
extra_trees,2024-08-07_06,8,43.50728202247191,43.59844563093881,within_threshold,within_threshold
extra_trees,2024-08-07_07,8,43.40571685393258,43.334386059062545,within_threshold,within_threshold
extra_trees,2024-08-07_08,8,43.69908426966292,43.86553377847158,within_threshold,within_threshold
extra_trees,2024-08-07_09,8,43.47381460674157,43.84020515811986,within_threshold,within_threshold
extra_trees,2024-08-07_10,8,43.21752471910112,43.75796066079291,within_threshold,within_threshold
extra_trees,2024-08-21_01,9,44.29168651685393,44.063355256214585,high_etch,high_etch
extra_trees,2024-08-21_02,9,44.376304494382026,44.080019719937276,high_etch,high_etch
extra_trees,2024-08-21_03,9,44.198883146067416,43.887561152795115,high_etch,within_threshold
extra_trees,2024-08-21_04,9,43.97901235955056,43.72805316259144,within_threshold,within_threshold
extra_trees,2024-08-21_05,9,43.781948314606744,43.58845233670241,within_threshold,within_threshold
extra_trees,2024-08-21_06,9,43.35196179775281,43.39236211210953,within_threshold,within_threshold
extra_trees,2024-08-21_07,9,43.514860674157305,43.44145070680276,within_threshold,within_threshold
extra_trees,2024-08-21_08,9,43.43098426966292,43.46563000804338,within_threshold,within_threshold
extra_trees,2024-08-21_10,9,43.34042359550562,43.36471538850341,within_threshold,within_threshold
extra_trees,2024-08-22_01,10,44.3370988764045,44.16460753955324,high_etch,high_etch
extra_trees,2024-08-22_02,10,44.010087640449434,43.802937464223334,high_etch,within_threshold
extra_trees,2024-08-22_03,10,44.15319438202248,44.00055829196222,high_etch,high_etch
extra_trees,2024-08-22_04,10,43.86219509404494,43.89492910220862,within_threshold,within_threshold
hist_gradient_boosting,2024-07-02_01,1,44.28899101123595,44.26158756311379,high_etch,high_etch
hist_gradient_boosting,2024-07-02_02,1,44.038886516853935,43.798858143721226,high_etch,within_threshold
hist_gradient_boosting,2024-07-02_03,1,44.149623595505616,43.99067203561765,high_etch,within_threshold
hist_gradient_boosting,2024-07-02_04,1,43.90529550561798,44.1612928532856,within_threshold,high_etch
hist_gradient_boosting,2024-07-02_05,1,43.426591011235956,43.53768142674138,within_threshold,within_threshold
hist_gradient_boosting,2024-07-02_06,1,43.584064044943815,43.41611897939128,within_threshold,within_threshold
hist_gradient_boosting,2024-07-02_08,1,43.09692808988764,43.377996990192905,within_threshold,within_threshold
hist_gradient_boosting,2024-07-02_09,1,43.339929213483146,43.261862868704306,within_threshold,within_threshold
hist_gradient_boosting,2024-07-02_10,1,43.28435730337079,43.209131394042906,within_threshold,within_threshold
hist_gradient_boosting,2024-07-05_01,2,44.20857078651686,44.07243499588012,high_etch,high_etch
hist_gradient_boosting,2024-07-05_02,2,44.20844943820225,44.03041720338167,high_etch,high_etch
hist_gradient_boosting,2024-07-05_03,2,43.951485978988764,44.01868953949722,within_threshold,high_etch
hist_gradient_boosting,2024-07-05_04,2,43.42695056179775,43.665818727206144,within_threshold,within_threshold
hist_gradient_boosting,2024-07-05_05,2,43.54600561797753,43.80534567947391,within_threshold,within_threshold
hist_gradient_boosting,2024-07-05_06,2,43.416213483146066,43.56959704322525,within_threshold,within_threshold
hist_gradient_boosting,2024-07-05_07,2,43.297787640449435,43.4180692750959,within_threshold,within_threshold
hist_gradient_boosting,2024-07-05_08,2,42.96067191011236,43.06885711785231,within_threshold,within_threshold
hist_gradient_boosting,2024-07-05_09,2,43.18773370786516,43.30397407438878,within_threshold,within_threshold
hist_gradient_boosting,2024-07-05_10,2,43.10430337078652,43.30425158376714,within_threshold,within_threshold
hist_gradient_boosting,2024-07-09_01,3,44.18354494382022,44.32708300489393,high_etch,high_etch
hist_gradient_boosting,2024-07-09_02,3,43.90555393258427,43.87225788994429,within_threshold,within_threshold
hist_gradient_boosting,2024-07-09_03,3,44.266009562584266,43.86699147501174,high_etch,within_threshold
hist_gradient_boosting,2024-07-09_04,3,44.079486308876405,43.90262715889788,high_etch,within_threshold
hist_gradient_boosting,2024-07-09_05,3,43.976832691348314,43.652558665807106,within_threshold,within_threshold
hist_gradient_boosting,2024-07-09_06,3,43.70646829337079,43.51083053891471,within_threshold,within_threshold
hist_gradient_boosting,2024-07-09_07,3,43.58551297651685,43.40949703923389,within_threshold,within_threshold
hist_gradient_boosting,2024-07-09_08,3,43.50429716483146,43.457061366623506,within_threshold,within_threshold
hist_gradient_boosting,2024-07-09_09,3,43.42807412224719,43.319666679888904,within_threshold,within_threshold
hist_gradient_boosting,2024-07-09_10,3,42.98307262797753,43.05618446606766,within_threshold,within_threshold
hist_gradient_boosting,2024-07-11_01,4,44.30630482640449,44.24529334324753,high_etch,high_etch
hist_gradient_boosting,2024-07-11_02,4,44.36490342820225,44.19151535423987,high_etch,high_etch
hist_gradient_boosting,2024-07-11_03,4,44.324505951348314,44.21244428106,high_etch,high_etch
hist_gradient_boosting,2024-07-11_04,4,43.998570636404494,43.769819595947745,within_threshold,within_threshold
hist_gradient_boosting,2024-07-11_05,4,43.92957708887641,43.70719200193462,within_threshold,within_threshold
hist_gradient_boosting,2024-07-11_06,4,43.64391731,43.59382130152978,within_threshold,within_threshold
hist_gradient_boosting,2024-07-11_07,4,43.214110956853936,43.063166861956965,within_threshold,within_threshold
hist_gradient_boosting,2024-07-11_08,4,43.135930337078655,43.319844902532736,within_threshold,within_threshold
hist_gradient_boosting,2024-07-11_09,4,42.94292808988764,43.17354703355424,within_threshold,within_threshold
hist_gradient_boosting,2024-07-11_10,4,43.42402808988764,43.47857630743765,within_threshold,within_threshold
hist_gradient_boosting,2024-07-19_01,5,44.31420112359551,44.14204980372228,high_etch,high_etch
hist_gradient_boosting,2024-07-19_02,5,43.71237640449438,43.71957478347874,within_threshold,within_threshold
hist_gradient_boosting,2024-07-19_03,5,43.85850112359551,44.006352157214735,within_threshold,high_etch
hist_gradient_boosting,2024-07-19_04,5,43.35476853932584,43.54616043685161,within_threshold,within_threshold
hist_gradient_boosting,2024-07-19_05,5,43.50141797752809,43.74856194359384,within_threshold,within_threshold
hist_gradient_boosting,2024-07-19_06,5,43.371765168539326,43.38036623582671,within_threshold,within_threshold
hist_gradient_boosting,2024-07-19_07,5,43.267224363932584,43.36192147098192,within_threshold,within_threshold
hist_gradient_boosting,2024-07-19_08,5,43.17212696629213,43.173410607413004,within_threshold,within_threshold
hist_gradient_boosting,2024-07-19_09,5,43.233769856629216,43.46943458438149,within_threshold,within_threshold
hist_gradient_boosting,2024-07-19_10,5,43.02462584269663,43.354362214578074,within_threshold,within_threshold
hist_gradient_boosting,2024-08-01_01,6,43.75222247191011,43.73170753961404,within_threshold,within_threshold
hist_gradient_boosting,2024-08-01_02,6,44.195029213483146,43.95904164688259,high_etch,within_threshold
hist_gradient_boosting,2024-08-01_03,6,44.066997752808994,43.964507291466184,high_etch,within_threshold
hist_gradient_boosting,2024-08-01_04,6,43.89461797752809,43.79921841574421,within_threshold,within_threshold
hist_gradient_boosting,2024-08-01_05,6,43.69129550561797,43.55356114712684,within_threshold,within_threshold
hist_gradient_boosting,2024-08-01_06,6,43.231184269662926,43.438683935939544,within_threshold,within_threshold
hist_gradient_boosting,2024-08-01_07,6,42.97732808988764,43.42747230147896,within_threshold,within_threshold
hist_gradient_boosting,2024-08-01_08,6,43.32931011235955,43.50213243995752,within_threshold,within_threshold
hist_gradient_boosting,2024-08-01_09,6,43.23398539325843,43.47783216537474,within_threshold,within_threshold
hist_gradient_boosting,2024-08-01_10,6,43.2034202247191,43.546855011500725,within_threshold,within_threshold
hist_gradient_boosting,2024-08-05_01,7,43.83111460674157,44.19753094156861,within_threshold,high_etch
hist_gradient_boosting,2024-08-05_02,7,44.11084831460674,44.26834439847903,high_etch,high_etch
hist_gradient_boosting,2024-08-05_03,7,43.68900561797753,43.568235477810724,within_threshold,within_threshold
hist_gradient_boosting,2024-08-05_04,7,43.760993258426964,43.76362052890061,within_threshold,within_threshold
hist_gradient_boosting,2024-08-05_05,7,43.5520786516854,43.7853886665783,within_threshold,within_threshold
hist_gradient_boosting,2024-08-05_06,7,43.370857303370784,43.37292990564267,within_threshold,within_threshold
hist_gradient_boosting,2024-08-07_01,8,43.74446306921348,43.45636675906452,within_threshold,within_threshold
hist_gradient_boosting,2024-08-07_02,8,43.896177528089886,43.82133086271997,within_threshold,within_threshold
hist_gradient_boosting,2024-08-07_03,8,43.71542808988764,43.7606820374745,within_threshold,within_threshold
hist_gradient_boosting,2024-08-07_04,8,43.832687640449436,43.730523505713336,within_threshold,within_threshold
hist_gradient_boosting,2024-08-07_05,8,43.646195505617975,43.490185869143275,within_threshold,within_threshold
hist_gradient_boosting,2024-08-07_06,8,43.50728202247191,43.53721585533215,within_threshold,within_threshold
hist_gradient_boosting,2024-08-07_07,8,43.40571685393258,43.320567605191506,within_threshold,within_threshold
hist_gradient_boosting,2024-08-07_08,8,43.69908426966292,43.86850970485129,within_threshold,within_threshold
hist_gradient_boosting,2024-08-07_09,8,43.47381460674157,43.672704441939224,within_threshold,within_threshold
hist_gradient_boosting,2024-08-07_10,8,43.21752471910112,43.63323141853808,within_threshold,within_threshold
hist_gradient_boosting,2024-08-21_01,9,44.29168651685393,44.029624825501344,high_etch,high_etch
hist_gradient_boosting,2024-08-21_02,9,44.376304494382026,44.144432073197315,high_etch,high_etch
hist_gradient_boosting,2024-08-21_03,9,44.198883146067416,43.88067894547489,high_etch,within_threshold
hist_gradient_boosting,2024-08-21_04,9,43.97901235955056,43.71841853701079,within_threshold,within_threshold
hist_gradient_boosting,2024-08-21_05,9,43.781948314606744,43.568831167940296,within_threshold,within_threshold
hist_gradient_boosting,2024-08-21_06,9,43.35196179775281,43.47096710002242,within_threshold,within_threshold
hist_gradient_boosting,2024-08-21_07,9,43.514860674157305,43.52277982346255,within_threshold,within_threshold
hist_gradient_boosting,2024-08-21_08,9,43.43098426966292,43.34015684157068,within_threshold,within_threshold
hist_gradient_boosting,2024-08-21_10,9,43.34042359550562,43.375205269621425,within_threshold,within_threshold
hist_gradient_boosting,2024-08-22_01,10,44.3370988764045,44.176946077331195,high_etch,high_etch
hist_gradient_boosting,2024-08-22_02,10,44.010087640449434,43.8026043106203,high_etch,within_threshold
hist_gradient_boosting,2024-08-22_03,10,44.15319438202248,43.86416598031721,high_etch,within_threshold
hist_gradient_boosting,2024-08-22_04,10,43.86219509404494,43.76180797159947,within_threshold,within_threshold
xgboost,2024-07-02_01,1,44.28899101123595,44.21747970581055,high_etch,high_etch
xgboost,2024-07-02_02,1,44.038886516853935,43.90742492675781,high_etch,within_threshold
xgboost,2024-07-02_03,1,44.149623595505616,43.933353424072266,high_etch,within_threshold
xgboost,2024-07-02_04,1,43.90529550561798,44.05736541748047,within_threshold,high_etch
xgboost,2024-07-02_05,1,43.426591011235956,43.5682487487793,within_threshold,within_threshold
xgboost,2024-07-02_06,1,43.584064044943815,43.54984664916992,within_threshold,within_threshold
xgboost,2024-07-02_08,1,43.09692808988764,43.34831237792969,within_threshold,within_threshold
xgboost,2024-07-02_09,1,43.339929213483146,43.38937759399414,within_threshold,within_threshold
xgboost,2024-07-02_10,1,43.28435730337079,43.316162109375,within_threshold,within_threshold
xgboost,2024-07-05_01,2,44.20857078651686,44.11776351928711,high_etch,high_etch
xgboost,2024-07-05_02,2,44.20844943820225,44.08662033081055,high_etch,high_etch
xgboost,2024-07-05_03,2,43.951485978988764,44.05500030517578,within_threshold,high_etch
xgboost,2024-07-05_04,2,43.42695056179775,43.60279846191406,within_threshold,within_threshold
xgboost,2024-07-05_05,2,43.54600561797753,43.715885162353516,within_threshold,within_threshold
xgboost,2024-07-05_06,2,43.416213483146066,43.56809616088867,within_threshold,within_threshold
xgboost,2024-07-05_07,2,43.297787640449435,43.38544464111328,within_threshold,within_threshold
xgboost,2024-07-05_08,2,42.96067191011236,43.08876419067383,within_threshold,within_threshold
xgboost,2024-07-05_09,2,43.18773370786516,43.30186080932617,within_threshold,within_threshold
xgboost,2024-07-05_10,2,43.10430337078652,43.264801025390625,within_threshold,within_threshold
xgboost,2024-07-09_01,3,44.18354494382022,44.163089752197266,high_etch,high_etch
xgboost,2024-07-09_02,3,43.90555393258427,43.91722869873047,within_threshold,within_threshold
xgboost,2024-07-09_03,3,44.266009562584266,44.0133171081543,high_etch,high_etch
xgboost,2024-07-09_04,3,44.079486308876405,43.988643646240234,high_etch,within_threshold
xgboost,2024-07-09_05,3,43.976832691348314,43.718101501464844,within_threshold,within_threshold
xgboost,2024-07-09_06,3,43.70646829337079,43.50001907348633,within_threshold,within_threshold
xgboost,2024-07-09_07,3,43.58551297651685,43.38258361816406,within_threshold,within_threshold
xgboost,2024-07-09_08,3,43.50429716483146,43.507301330566406,within_threshold,within_threshold
xgboost,2024-07-09_09,3,43.42807412224719,43.366539001464844,within_threshold,within_threshold
xgboost,2024-07-09_10,3,42.98307262797753,43.065940856933594,within_threshold,within_threshold
xgboost,2024-07-11_01,4,44.30630482640449,44.23618698120117,high_etch,high_etch
xgboost,2024-07-11_02,4,44.36490342820225,44.189048767089844,high_etch,high_etch
xgboost,2024-07-11_03,4,44.324505951348314,44.16841125488281,high_etch,high_etch
xgboost,2024-07-11_04,4,43.998570636404494,43.91600799560547,within_threshold,within_threshold
xgboost,2024-07-11_05,4,43.92957708887641,43.722938537597656,within_threshold,within_threshold
xgboost,2024-07-11_06,4,43.64391731,43.57341003417969,within_threshold,within_threshold
xgboost,2024-07-11_07,4,43.214110956853936,43.15201950073242,within_threshold,within_threshold
xgboost,2024-07-11_08,4,43.135930337078655,43.26655960083008,within_threshold,within_threshold
xgboost,2024-07-11_09,4,42.94292808988764,43.224464416503906,within_threshold,within_threshold
xgboost,2024-07-11_10,4,43.42402808988764,43.48027420043945,within_threshold,within_threshold
xgboost,2024-07-19_01,5,44.31420112359551,44.039710998535156,high_etch,high_etch
xgboost,2024-07-19_02,5,43.71237640449438,43.625572204589844,within_threshold,within_threshold
xgboost,2024-07-19_03,5,43.85850112359551,43.89859390258789,within_threshold,within_threshold
xgboost,2024-07-19_04,5,43.35476853932584,43.53266906738281,within_threshold,within_threshold
xgboost,2024-07-19_05,5,43.50141797752809,43.658050537109375,within_threshold,within_threshold
xgboost,2024-07-19_06,5,43.371765168539326,43.353370666503906,within_threshold,within_threshold
xgboost,2024-07-19_07,5,43.267224363932584,43.309322357177734,within_threshold,within_threshold
xgboost,2024-07-19_08,5,43.17212696629213,43.20233917236328,within_threshold,within_threshold
xgboost,2024-07-19_09,5,43.233769856629216,43.40892791748047,within_threshold,within_threshold
xgboost,2024-07-19_10,5,43.02462584269663,43.25453186035156,within_threshold,within_threshold
xgboost,2024-08-01_01,6,43.75222247191011,43.762054443359375,within_threshold,within_threshold
xgboost,2024-08-01_02,6,44.195029213483146,44.06111145019531,high_etch,high_etch
xgboost,2024-08-01_03,6,44.066997752808994,43.960208892822266,high_etch,within_threshold
xgboost,2024-08-01_04,6,43.89461797752809,43.822696685791016,within_threshold,within_threshold
xgboost,2024-08-01_05,6,43.69129550561797,43.54386520385742,within_threshold,within_threshold
xgboost,2024-08-01_06,6,43.231184269662926,43.41136169433594,within_threshold,within_threshold
xgboost,2024-08-01_07,6,42.97732808988764,43.3363151550293,within_threshold,within_threshold
xgboost,2024-08-01_08,6,43.32931011235955,43.49610900878906,within_threshold,within_threshold
xgboost,2024-08-01_09,6,43.23398539325843,43.386531829833984,within_threshold,within_threshold
xgboost,2024-08-01_10,6,43.2034202247191,43.53486633300781,within_threshold,within_threshold
xgboost,2024-08-05_01,7,43.83111460674157,44.12198257446289,within_threshold,high_etch
xgboost,2024-08-05_02,7,44.11084831460674,44.28834533691406,high_etch,high_etch
xgboost,2024-08-05_03,7,43.68900561797753,43.699161529541016,within_threshold,within_threshold
xgboost,2024-08-05_04,7,43.760993258426964,43.82338333129883,within_threshold,within_threshold
xgboost,2024-08-05_05,7,43.5520786516854,43.716712951660156,within_threshold,within_threshold
xgboost,2024-08-05_06,7,43.370857303370784,43.440311431884766,within_threshold,within_threshold
xgboost,2024-08-07_01,8,43.74446306921348,43.50214767456055,within_threshold,within_threshold
xgboost,2024-08-07_02,8,43.896177528089886,43.837745666503906,within_threshold,within_threshold
xgboost,2024-08-07_03,8,43.71542808988764,43.759708404541016,within_threshold,within_threshold
xgboost,2024-08-07_04,8,43.832687640449436,43.7281608581543,within_threshold,within_threshold
xgboost,2024-08-07_05,8,43.646195505617975,43.4860954284668,within_threshold,within_threshold
xgboost,2024-08-07_06,8,43.50728202247191,43.56784439086914,within_threshold,within_threshold
xgboost,2024-08-07_07,8,43.40571685393258,43.25365447998047,within_threshold,within_threshold
xgboost,2024-08-07_08,8,43.69908426966292,43.8008918762207,within_threshold,within_threshold
xgboost,2024-08-07_09,8,43.47381460674157,43.774723052978516,within_threshold,within_threshold
xgboost,2024-08-07_10,8,43.21752471910112,43.68940353393555,within_threshold,within_threshold
xgboost,2024-08-21_01,9,44.29168651685393,44.105926513671875,high_etch,high_etch
xgboost,2024-08-21_02,9,44.376304494382026,44.16276550292969,high_etch,high_etch
xgboost,2024-08-21_03,9,44.198883146067416,43.8693733215332,high_etch,within_threshold
xgboost,2024-08-21_04,9,43.97901235955056,43.72785568237305,within_threshold,within_threshold
xgboost,2024-08-21_05,9,43.781948314606744,43.61206817626953,within_threshold,within_threshold
xgboost,2024-08-21_06,9,43.35196179775281,43.446556091308594,within_threshold,within_threshold
xgboost,2024-08-21_07,9,43.514860674157305,43.52128601074219,within_threshold,within_threshold
xgboost,2024-08-21_08,9,43.43098426966292,43.36866760253906,within_threshold,within_threshold
xgboost,2024-08-21_10,9,43.34042359550562,43.29848861694336,within_threshold,within_threshold
xgboost,2024-08-22_01,10,44.3370988764045,44.30983352661133,high_etch,high_etch
xgboost,2024-08-22_02,10,44.010087640449434,43.84496307373047,high_etch,within_threshold
xgboost,2024-08-22_03,10,44.15319438202248,44.0421028137207,high_etch,high_etch
xgboost,2024-08-22_04,10,43.86219509404494,43.86402893066406,within_threshold,within_threshold
lightgbm,2024-07-02_01,1,44.28899101123595,44.13612340382076,high_etch,high_etch
lightgbm,2024-07-02_02,1,44.038886516853935,44.02905372183949,high_etch,high_etch
lightgbm,2024-07-02_03,1,44.149623595505616,43.92210907319635,high_etch,within_threshold
lightgbm,2024-07-02_04,1,43.90529550561798,44.17617722219049,within_threshold,high_etch
lightgbm,2024-07-02_05,1,43.426591011235956,43.476011165018534,within_threshold,within_threshold
lightgbm,2024-07-02_06,1,43.584064044943815,43.560873505416446,within_threshold,within_threshold
lightgbm,2024-07-02_08,1,43.09692808988764,43.317350010146356,within_threshold,within_threshold
lightgbm,2024-07-02_09,1,43.339929213483146,43.45865076733397,within_threshold,within_threshold
lightgbm,2024-07-02_10,1,43.28435730337079,43.309884553822904,within_threshold,within_threshold
lightgbm,2024-07-05_01,2,44.20857078651686,44.07901947865522,high_etch,high_etch
lightgbm,2024-07-05_02,2,44.20844943820225,44.05095798366896,high_etch,high_etch
lightgbm,2024-07-05_03,2,43.951485978988764,44.01758169694607,within_threshold,high_etch
lightgbm,2024-07-05_04,2,43.42695056179775,43.510206664777364,within_threshold,within_threshold
lightgbm,2024-07-05_05,2,43.54600561797753,43.633358221942586,within_threshold,within_threshold
lightgbm,2024-07-05_06,2,43.416213483146066,43.56021758494865,within_threshold,within_threshold
lightgbm,2024-07-05_07,2,43.297787640449435,43.44293950212273,within_threshold,within_threshold
lightgbm,2024-07-05_08,2,42.96067191011236,43.12239743755829,within_threshold,within_threshold
lightgbm,2024-07-05_09,2,43.18773370786516,43.30638180264491,within_threshold,within_threshold
lightgbm,2024-07-05_10,2,43.10430337078652,43.2985351445429,within_threshold,within_threshold
lightgbm,2024-07-09_01,3,44.18354494382022,44.244585064520216,high_etch,high_etch
lightgbm,2024-07-09_02,3,43.90555393258427,43.872210202617836,within_threshold,within_threshold
lightgbm,2024-07-09_03,3,44.266009562584266,44.070408958577424,high_etch,high_etch
lightgbm,2024-07-09_04,3,44.079486308876405,43.97131752972374,high_etch,within_threshold
lightgbm,2024-07-09_05,3,43.976832691348314,43.80633638878596,within_threshold,within_threshold
lightgbm,2024-07-09_06,3,43.70646829337079,43.633439158488265,within_threshold,within_threshold
lightgbm,2024-07-09_07,3,43.58551297651685,43.486242568266306,within_threshold,within_threshold
lightgbm,2024-07-09_08,3,43.50429716483146,43.578399061510055,within_threshold,within_threshold
lightgbm,2024-07-09_09,3,43.42807412224719,43.37127697884731,within_threshold,within_threshold
lightgbm,2024-07-09_10,3,42.98307262797753,43.04341382807275,within_threshold,within_threshold
lightgbm,2024-07-11_01,4,44.30630482640449,44.254147259691386,high_etch,high_etch
lightgbm,2024-07-11_02,4,44.36490342820225,44.19808375960151,high_etch,high_etch
lightgbm,2024-07-11_03,4,44.324505951348314,44.218270947243724,high_etch,high_etch
lightgbm,2024-07-11_04,4,43.998570636404494,43.968247438709746,within_threshold,within_threshold
lightgbm,2024-07-11_05,4,43.92957708887641,43.865979570519684,within_threshold,within_threshold
lightgbm,2024-07-11_06,4,43.64391731,43.54656875354418,within_threshold,within_threshold
lightgbm,2024-07-11_07,4,43.214110956853936,43.18100448821598,within_threshold,within_threshold
lightgbm,2024-07-11_08,4,43.135930337078655,43.29902288810372,within_threshold,within_threshold
lightgbm,2024-07-11_09,4,42.94292808988764,43.20471240316192,within_threshold,within_threshold
lightgbm,2024-07-11_10,4,43.42402808988764,43.55845552832239,within_threshold,within_threshold
lightgbm,2024-07-19_01,5,44.31420112359551,44.02101531592378,high_etch,high_etch
lightgbm,2024-07-19_02,5,43.71237640449438,43.546347386435315,within_threshold,within_threshold
lightgbm,2024-07-19_03,5,43.85850112359551,43.952140710199544,within_threshold,within_threshold
lightgbm,2024-07-19_04,5,43.35476853932584,43.521292886358474,within_threshold,within_threshold
lightgbm,2024-07-19_05,5,43.50141797752809,43.521516415770485,within_threshold,within_threshold
lightgbm,2024-07-19_06,5,43.371765168539326,43.44117336024317,within_threshold,within_threshold
lightgbm,2024-07-19_07,5,43.267224363932584,43.37961984986887,within_threshold,within_threshold
lightgbm,2024-07-19_08,5,43.17212696629213,43.23626684136563,within_threshold,within_threshold
lightgbm,2024-07-19_09,5,43.233769856629216,43.44793934142758,within_threshold,within_threshold
lightgbm,2024-07-19_10,5,43.02462584269663,43.22726293050804,within_threshold,within_threshold
lightgbm,2024-08-01_01,6,43.75222247191011,43.8000598334295,within_threshold,within_threshold
lightgbm,2024-08-01_02,6,44.195029213483146,44.15358386179183,high_etch,high_etch
lightgbm,2024-08-01_03,6,44.066997752808994,44.01516955201887,high_etch,high_etch
lightgbm,2024-08-01_04,6,43.89461797752809,43.85746643621444,within_threshold,within_threshold
lightgbm,2024-08-01_05,6,43.69129550561797,43.49309463818749,within_threshold,within_threshold
lightgbm,2024-08-01_06,6,43.231184269662926,43.32852260235401,within_threshold,within_threshold
lightgbm,2024-08-01_07,6,42.97732808988764,43.23873735130644,within_threshold,within_threshold
lightgbm,2024-08-01_08,6,43.32931011235955,43.39873167956992,within_threshold,within_threshold
lightgbm,2024-08-01_09,6,43.23398539325843,43.24925209040438,within_threshold,within_threshold
lightgbm,2024-08-01_10,6,43.2034202247191,43.49240873716425,within_threshold,within_threshold
lightgbm,2024-08-05_01,7,43.83111460674157,44.05010444916277,within_threshold,high_etch
lightgbm,2024-08-05_02,7,44.11084831460674,44.280038568408884,high_etch,high_etch
lightgbm,2024-08-05_03,7,43.68900561797753,43.77124895189501,within_threshold,within_threshold
lightgbm,2024-08-05_04,7,43.760993258426964,43.705450318348355,within_threshold,within_threshold
lightgbm,2024-08-05_05,7,43.5520786516854,43.56601349960469,within_threshold,within_threshold
lightgbm,2024-08-05_06,7,43.370857303370784,43.440314742428065,within_threshold,within_threshold
lightgbm,2024-08-07_01,8,43.74446306921348,43.54930627227418,within_threshold,within_threshold
lightgbm,2024-08-07_02,8,43.896177528089886,43.915911860435216,within_threshold,within_threshold
lightgbm,2024-08-07_03,8,43.71542808988764,43.810780115809024,within_threshold,within_threshold
lightgbm,2024-08-07_04,8,43.832687640449436,43.759219638564524,within_threshold,within_threshold
lightgbm,2024-08-07_05,8,43.646195505617975,43.557614768301896,within_threshold,within_threshold
lightgbm,2024-08-07_06,8,43.50728202247191,43.522054741687974,within_threshold,within_threshold
lightgbm,2024-08-07_07,8,43.40571685393258,43.2480611717848,within_threshold,within_threshold
lightgbm,2024-08-07_08,8,43.69908426966292,43.859763970891635,within_threshold,within_threshold
lightgbm,2024-08-07_09,8,43.47381460674157,43.93440348818692,within_threshold,within_threshold
lightgbm,2024-08-07_10,8,43.21752471910112,43.82020259422035,within_threshold,within_threshold
lightgbm,2024-08-21_01,9,44.29168651685393,44.10088730474026,high_etch,high_etch
lightgbm,2024-08-21_02,9,44.376304494382026,44.1726200537937,high_etch,high_etch
lightgbm,2024-08-21_03,9,44.198883146067416,43.84128953067803,high_etch,within_threshold
lightgbm,2024-08-21_04,9,43.97901235955056,43.726741432861026,within_threshold,within_threshold
lightgbm,2024-08-21_05,9,43.781948314606744,43.57766180655783,within_threshold,within_threshold
lightgbm,2024-08-21_06,9,43.35196179775281,43.38976469799009,within_threshold,within_threshold
lightgbm,2024-08-21_07,9,43.514860674157305,43.45260313043699,within_threshold,within_threshold
lightgbm,2024-08-21_08,9,43.43098426966292,43.391881896532034,within_threshold,within_threshold
lightgbm,2024-08-21_10,9,43.34042359550562,43.45875871248308,within_threshold,within_threshold
lightgbm,2024-08-22_01,10,44.3370988764045,44.30170918263908,high_etch,high_etch
lightgbm,2024-08-22_02,10,44.010087640449434,43.779218540552385,high_etch,within_threshold
lightgbm,2024-08-22_03,10,44.15319438202248,43.95054083079308,high_etch,within_threshold
lightgbm,2024-08-22_04,10,43.86219509404494,43.86983648696044,within_threshold,within_threshold
